-- MySQL dump 10.13  Distrib 8.0.27, for Win64 (x86_64)
--
-- Host: 3.36.62.133    Database: cocktail2
-- ------------------------------------------------------
-- Server version	5.7.36-0ubuntu0.18.04.1

/*!40101 SET @OLD_CHARACTER_SET_CLIENT=@@CHARACTER_SET_CLIENT */;
/*!40101 SET @OLD_CHARACTER_SET_RESULTS=@@CHARACTER_SET_RESULTS */;
/*!40101 SET @OLD_COLLATION_CONNECTION=@@COLLATION_CONNECTION */;
/*!50503 SET NAMES utf8 */;
/*!40103 SET @OLD_TIME_ZONE=@@TIME_ZONE */;
/*!40103 SET TIME_ZONE='+00:00' */;
/*!40014 SET @OLD_UNIQUE_CHECKS=@@UNIQUE_CHECKS, UNIQUE_CHECKS=0 */;
/*!40014 SET @OLD_FOREIGN_KEY_CHECKS=@@FOREIGN_KEY_CHECKS, FOREIGN_KEY_CHECKS=0 */;
/*!40101 SET @OLD_SQL_MODE=@@SQL_MODE, SQL_MODE='NO_AUTO_VALUE_ON_ZERO' */;
/*!40111 SET @OLD_SQL_NOTES=@@SQL_NOTES, SQL_NOTES=0 */;

--
-- Table structure for table `attach`
--

DROP TABLE IF EXISTS `attach`;
/*!40101 SET @saved_cs_client     = @@character_set_client */;
/*!50503 SET character_set_client = utf8mb4 */;
CREATE TABLE `attach` (
  `attach_id` varchar(100) NOT NULL,
  `path` varchar(200) NOT NULL,
  `name` varchar(100) NOT NULL,
  `attach_no` int(11) NOT NULL DEFAULT '0',
  PRIMARY KEY (`attach_no`)
) ENGINE=InnoDB DEFAULT CHARSET=utf8mb4;
/*!40101 SET character_set_client = @saved_cs_client */;

--
-- Dumping data for table `attach`
--

LOCK TABLES `attach` WRITE;
/*!40000 ALTER TABLE `attach` DISABLE KEYS */;
/*!40000 ALTER TABLE `attach` ENABLE KEYS */;
UNLOCK TABLES;

--
-- Table structure for table `board`
--

DROP TABLE IF EXISTS `board`;
/*!40101 SET @saved_cs_client     = @@character_set_client */;
/*!50503 SET character_set_client = utf8mb4 */;
CREATE TABLE `board` (
  `no` int(11) NOT NULL,
  `user_id` varchar(45) NOT NULL,
  `title` varchar(500) NOT NULL,
  `date` varchar(100) NOT NULL,
  `time` varchar(100) NOT NULL,
  `content` mediumtext NOT NULL,
  `attach_id` varchar(100) NOT NULL,
  `attach_no` int(11) NOT NULL DEFAULT '0',
  `view` int(11) DEFAULT '0',
  PRIMARY KEY (`no`)
) ENGINE=InnoDB DEFAULT CHARSET=utf8mb4;
/*!40101 SET character_set_client = @saved_cs_client */;

--
-- Dumping data for table `board`
--

LOCK TABLES `board` WRITE;
/*!40000 ALTER TABLE `board` DISABLE KEYS */;
/*!40000 ALTER TABLE `board` ENABLE KEYS */;
UNLOCK TABLES;

--
-- Table structure for table `bookmark`
--

DROP TABLE IF EXISTS `bookmark`;
/*!40101 SET @saved_cs_client     = @@character_set_client */;
/*!50503 SET character_set_client = utf8mb4 */;
CREATE TABLE `bookmark` (
  `user_no` int(11) NOT NULL,
  `bookmark_no` varchar(100) DEFAULT NULL,
  PRIMARY KEY (`user_no`)
) ENGINE=InnoDB DEFAULT CHARSET=utf8mb4;
/*!40101 SET character_set_client = @saved_cs_client */;

--
-- Dumping data for table `bookmark`
--

LOCK TABLES `bookmark` WRITE;
/*!40000 ALTER TABLE `bookmark` DISABLE KEYS */;
INSERT INTO `bookmark` VALUES (1,'5 14 6 42 '),(3,'24 137 116 16 '),(13,'10 8 2 66 54 '),(14,'24 54 58 113 ');
/*!40000 ALTER TABLE `bookmark` ENABLE KEYS */;
UNLOCK TABLES;

--
-- Table structure for table `cocktail_recipe`
--

DROP TABLE IF EXISTS `cocktail_recipe`;
/*!40101 SET @saved_cs_client     = @@character_set_client */;
/*!50503 SET character_set_client = utf8mb4 */;
CREATE TABLE `cocktail_recipe` (
  `cocktail_no` int(11) NOT NULL,
  `cocktail_name` varchar(45) NOT NULL,
  `method` varchar(45) NOT NULL,
  `image` text,
  `proof` varchar(45) DEFAULT NULL,
  `ig1` int(11) DEFAULT NULL,
  `ig1_amt` varchar(45) DEFAULT NULL,
  `ig2` int(11) DEFAULT NULL,
  `ig2_amt` varchar(45) DEFAULT NULL,
  `ig3` int(11) DEFAULT NULL,
  `ig3_amt` varchar(45) DEFAULT NULL,
  `ig4` int(11) DEFAULT NULL,
  `ig4_amt` varchar(45) DEFAULT NULL,
  `ig5` int(11) DEFAULT NULL,
  `ig5_amt` varchar(45) DEFAULT NULL,
  `ig6` int(11) DEFAULT NULL,
  `ig6_amt` varchar(45) DEFAULT NULL,
  `ig7` int(11) DEFAULT NULL,
  `ig7_amt` varchar(45) DEFAULT NULL,
  `ig8` int(11) DEFAULT NULL,
  `ig8_amt` varchar(45) DEFAULT NULL,
  `ig9` int(11) DEFAULT NULL,
  `ig9_amt` varchar(45) DEFAULT NULL,
  `ig10` int(11) DEFAULT NULL,
  `ig10_amt` varchar(45) DEFAULT NULL,
  `glass` int(11) NOT NULL,
  `garnish` varchar(45) NOT NULL,
  `make` text NOT NULL,
  PRIMARY KEY (`cocktail_no`)
) ENGINE=InnoDB DEFAULT CHARSET=utf8mb4;
/*!40101 SET character_set_client = @saved_cs_client */;

--
-- Dumping data for table `cocktail_recipe`
--

LOCK TABLES `cocktail_recipe` WRITE;
/*!40000 ALTER TABLE `cocktail_recipe` DISABLE KEYS */;
INSERT INTO `cocktail_recipe` VALUES (1,'푸즈카페','Float','C:\\cocktail\\pic\\no_image.png','중간',105,'10ml',48,'10ml',10,'10ml',NULL,NULL,NULL,NULL,NULL,NULL,NULL,NULL,NULL,NULL,NULL,NULL,NULL,NULL,14,'없음','1.잔에 그레나딘시럽을 넣는다. \\n2.잔에 바 스푼을 뒤집어서 대고 크렘 드 민트를 천천히 따르면서 띄어준다. \\n3. 잔에 바 스푼을 뒤집어서 대고 브랜디를 천천히 따르면서 띄어준다.'),(2,'맨해튼','Stir','C:\\cocktail\\pic\\whisky\\Manhattan.png','높음',18,'45ml',60,'22.5ml',121,'1dash',NULL,NULL,NULL,NULL,NULL,NULL,NULL,NULL,NULL,NULL,NULL,NULL,NULL,NULL,16,'체리','1.재료를 모두 믹싱 글라스에 넣고 얼음과 함께 스터한다. \\n2.이후 얼음을 걸러내고 차가운 마티니 글라스에 따라낸다. \\n 3.체리로 가니쉬 해준다.'),(3,'드라이마티니','Stir','C:\\cocktail\\pic\\gin\\Dry Martini.png','높음',22,'60ml',61,'10ml',NULL,NULL,NULL,NULL,NULL,NULL,NULL,NULL,NULL,NULL,NULL,NULL,NULL,NULL,NULL,NULL,16,'그린 올리브','1.재료를 모두 믹싱 글라스에 넣고 얼음과 함께 스터한다. \\n2.이후 얼음을 걸러내고 차가운 마티니 잔에 따라준다. \\n3.올리브로 가니쉬해준다.'),(4,'올드패션드','Build','C:\\cocktail\\pic\\whisky\\Old Fashioned.png','중간',18,'45ml',121,'1dash',65,'15ml',106,'1개',NULL,NULL,NULL,NULL,NULL,NULL,NULL,NULL,NULL,NULL,NULL,NULL,2,'오렌지 조각, 체리','1.잔에 설탕을 넣고, 앙고스투라 비터를 뿌린 후 탄산수를 부어 설탕을 으깨서 녹여준다. \\n2.잔에 얼음을 넣어주고 위스키를 넣은 뒤 스터해준다. \\n3.체리와 오렌지 조각으로 가니쉬 해준다.'),(5,'브랜디알렉산더','Shake','C:\\cocktail\\pic\\brandy\\Brandy Alexander.png','중간',10,'22.5ml',41,'22.5ml',113,'22.5ml',NULL,NULL,NULL,NULL,NULL,NULL,NULL,NULL,NULL,NULL,NULL,NULL,NULL,NULL,16,'넛맥 가루','1.잔과 쉐이커에 얼음을 넣어준다. \\n2. 쉐이커에 브랜디와 크렘 드 카카오와 우유를 넣고 쉐이킹한다. \\n3.잔의 얼음을 버리고 쉐이킹에서 얼음을 걸르며 음료를 따라준다. \\n4.넛맥  가루를 뿌려 마무리해준다.'),(6,'블러디메리','Build','C:\\cocktail\\pic\\vodka\\Bloody Mary.png','낮음',5,'45ml',118,'1dash',117,'1tsp(티스푼)',124,'1 pinch(꼬집)',125,'1 pinch(꼬집)',83,'full(가득)',NULL,NULL,NULL,NULL,NULL,NULL,NULL,NULL,22,'레몬 조각, 셀러리','1.잔에 우스터소스와 타바스코소스를 넣어준다. \\n2. 잔에 소금과 후추를 넣어준다. \\n3. 잔에 얼음을 넣고 보드카와 토마토주스를 넣고 스터해준다. \\n4.레몬조각과 셀러리로 가니쉬해준다.'),(7,'싱가포르슬링','Shake/Build','C:\\cocktail\\pic\\others\\Singapore Sling.jpg','중간',22,'45ml',73,'15ml',131,'1tsp(티스푼)',65,'full(가득)',33,'15ml',NULL,NULL,NULL,NULL,NULL,NULL,NULL,NULL,NULL,NULL,20,'오렌지 조각, 체리','1.잔과 쉐이커에 얼음을 넣어준다. \\n2. 쉐이커에 진과 레몬주스, 슈가파우더를 넣고 쉐이킹한다. \\n3.잔의 얼음 새로 넣고, 쉐이커의 음료를 잔에 채워준다. \\n4.잔에 탄산수를 부어 가득 채우고 저어준다. \\n5. 잔에 체리 브랜디를 넣어 가라앉혀준다. \\n6.오렌지 조각과 체리로 가니쉬해준다. '),(8,'블랙러시안','Build','C:\\cocktail\\pic\\others\\Black Russian.png','높음',5,'30ml',43,'15ml',NULL,NULL,NULL,NULL,NULL,NULL,NULL,NULL,NULL,NULL,NULL,NULL,NULL,NULL,NULL,NULL,2,'없음','1.잔에 얼음을 넣고 보드카와 커피 리큐르를 넣어준다. \\n2. 그대로 스터해준다.  '),(9,'마가리타','Shake','C:\\cocktail\\pic\\tequila\\Margarita.png','높음',7,'45ml',38,'15ml',72,'15ml',NULL,NULL,NULL,NULL,NULL,NULL,NULL,NULL,NULL,NULL,NULL,NULL,NULL,NULL,16,'소금 리밍','1.잔의 테두리의 반 정도를 소금으로 리밍해주고, 잔에 얼음을 넣는다. \\n2.쉐이커에 얼음을 넣고 모든 재료를 넣고 쉐이킹한다. \\n3.잔의 얼음을 버리고, 쉐이커에서 얼음을 걸러주며 음료를 따라준다.'),(10,'러스티네일','Build','C:\\cocktail\\pic\\whisky\\Rusty Nail.jpg','높음',19,'30ml',49,'15ml',NULL,NULL,NULL,NULL,NULL,NULL,NULL,NULL,NULL,NULL,NULL,NULL,NULL,NULL,NULL,NULL,2,'없음','1.잔에 얼음을 넣고 재료를 넣어준다.\\n2.스터로 마무리한다. '),(11,'위스키사워','Shake/Build','C:\\cocktail\\pic\\others\\Whiskey Sour.jpg','중간',18,'45ml',73,'15ml',131,'1tsp(티스푼)',65,'30ml',NULL,NULL,NULL,NULL,NULL,NULL,NULL,NULL,NULL,NULL,NULL,NULL,8,'레몬 조각, 체리','1.잔과 쉐이커에 얼음을 넣어준다.\\n2.쉐이커에 재료를 모두 넣고 쉐이킹 해준다.\\n3. 얼음을 걸러내고 잔에 따라준다.\\n4.레몬 슬라이스와 체리로 가니쉬 해준다.'),(12,'뉴욕','Shake','C:\\cocktail\\pic\\no_image.png','중간',18,'45ml',72,'15ml',131,'1tsp(티스푼)',105,'0.5tsp(티스푼)',NULL,NULL,NULL,NULL,NULL,NULL,NULL,NULL,NULL,NULL,NULL,NULL,16,'레몬필','1.잔과 쉐이커에 얼음을 넣어준다.\\n2.쉐이커에 재료를 모두 넣고 쉐이킹 해준다.\\n3. 얼음을 걸러내고 잔에 따라준다.\\n4.레몬필로 가니쉬해준다.'),(13,'하비월뱅어','Build/Float','C:\\cocktail\\pic\\vodka\\Harvey Wallbanger.jpg','중간',5,'45ml',74,'full(가득)',46,'15ml',NULL,NULL,NULL,NULL,NULL,NULL,NULL,NULL,NULL,NULL,NULL,NULL,NULL,NULL,17,'없음','1.잔에 얼음을 넣어준다.\\n2.잔에 보드카와 오렌지주스를 넣고 스터해준다.\\n3.갈리아노를 띄우듯이 따라준다.'),(14,'다이키리','Shake','C:\\cocktail\\pic\\rum\\Daiquiri.png','높음',1,'52.5ml',72,'22.5ml',131,'1tsp(티스푼)',NULL,NULL,NULL,NULL,NULL,NULL,NULL,NULL,NULL,NULL,NULL,NULL,NULL,NULL,16,'없음','1.잔과 쉐이커에 얼음을 넣는다.\\n2.모든 재료를 쉐이커에 넣고 쉐이킹한다.\\n3.잔의 얼음을 버리고, 쉐이커의 음료를 걸러서 잔에 따라준다.'),(15,'키스오브파이어','Shake','C:\\cocktail\\pic\\no_image.png','높음',5,'30ml',24,'15ml',61,'15ml',73,'1tsp(티스푼)',NULL,NULL,NULL,NULL,NULL,NULL,NULL,NULL,NULL,NULL,NULL,NULL,16,'설탕 리밍','1.레몬조각으로 잔에 레몬즙을 발라준다.\\n2.잔에 설탕 리밍을 해준다.\\n3.쉐이커에 모든재료와 얼음을 넣고 쉐이킹해준다.\\n4.쉐이킹한 음료를 걸러서 잔에 따라준다.'),(16,'비-52','Float','C:\\cocktail\\pic\\liquere\\B52.jpg','중간',43,'10ml',50,'10ml',36,'10ml',NULL,NULL,NULL,NULL,NULL,NULL,NULL,NULL,NULL,NULL,NULL,NULL,NULL,NULL,9,'없음','1.잔에 깔루아를 넣는다. \\n2.잔에 바 스푼을 뒤집어서 대고 베일리스를 천천히 따르면서 띄어준다. \\n3. 잔에 바 스푼을 뒤집어서 대고 오렌지 큐라소를 천천히 따르면서 띄어준다.'),(17,'준벅','Shake','C:\\cocktail\\pic\\no_image.png','낮음',35,'30ml',132,'15ml',30,'15ml',80,'60ml',133,'60ml',NULL,NULL,NULL,NULL,NULL,NULL,NULL,NULL,NULL,NULL,17,'파인애플웨지','1.잔과 쉐이커에 얼음을 넣는다.\\n2.모든 재료를 쉐이커에 넣고 쉐이킹한다.\\n3.쉐이커의 음료를 걸러서 잔에 따라준다.'),(18,'바카디','Shake','C:\\cocktail\\pic\\rum\\Bacardi.jpg','중간',1,'52.5ml',72,'22.5ml',105,'1tsp(티스푼)',NULL,NULL,NULL,NULL,NULL,NULL,NULL,NULL,NULL,NULL,NULL,NULL,NULL,NULL,16,'없음','1.잔과 쉐이커에 얼음을 넣는다.\\n2.모든 재료를 쉐이커에 넣고 쉐이킹한다.\\n3.잔의 얼음을 버리고, 쉐이커의 음료를 걸러서 잔에 따라준다.'),(19,'슬로진피즈','Shake/Build','C:\\cocktail\\pic\\no_image.png','중간',24,'45ml',73,'15ml',131,'1tsp(티스푼)',65,'full(가득)',NULL,NULL,NULL,NULL,NULL,NULL,NULL,NULL,NULL,NULL,NULL,NULL,22,'레몬조각','1.잔과 쉐이커에 얼음을 넣는다.\\n2.슬로 진과 레몬주스 슈가파우더를 넣고 쉐이킹한다.\\n3.잔에 쉐이커의 음료를 걸러서 따라준다.\\n4.탄산수로 가득 채워주고 레몬조각으로 가니쉬해준다.'),(20,'쿠바리브레','Build','C:\\cocktail\\pic\\rum\\Cuba Libre.png','중간',1,'45ml',72,'15ml',66,'full(가득)',NULL,NULL,NULL,NULL,NULL,NULL,NULL,NULL,NULL,NULL,NULL,NULL,NULL,NULL,22,'레몬웨지','1.잔에 얼음을 가득 채운다.\\n2.럼과 라임주스를 넣고, 콜라로 잔을 가득 채운다.\\n3.잘 섞이게 스터해주고, 레몬웨지로 가니쉬해준다.'),(21,'그래스호퍼','Shake','C:\\cocktail\\pic\\liquere\\Grasshopper.jpg','중간',47,'30ml',44,'30ml',113,'30ml',NULL,NULL,NULL,NULL,NULL,NULL,NULL,NULL,NULL,NULL,NULL,NULL,NULL,NULL,5,'없음','1.잔과 쉐이커에 얼음을 넣는다.\\n2.모든 재료를 쉐이커에 넣고 쉐이킹한다.\\n3.잔의 얼음을 버리고, 쉐이커의 음료를 걸러서 잔에 따라준다.'),(22,'시브리즈','Build','C:\\cocktail\\pic\\vodka\\Sea Breeze.png','낮음',5,'45ml',77,'90ml',76,'15ml',NULL,NULL,NULL,NULL,NULL,NULL,NULL,NULL,NULL,NULL,NULL,NULL,NULL,NULL,22,'라임 또는 레몬 웨지','1.잔에 얼음을 가득 채운다.\\n2.모든 재료를 잔에 넣은 뒤 스터해준다.\\n3.라임 또는 레몬웨지로 가니쉬해준다.'),(23,'애플마티니','Shake','C:\\cocktail\\pic\\vodka\\Apple Martini.jpg','중간',5,'30ml',134,'30ml',75,'15ml',NULL,NULL,NULL,NULL,NULL,NULL,NULL,NULL,NULL,NULL,NULL,NULL,NULL,NULL,16,'사과 조각','1.잔과 쉐이커에 얼음을 넣는다.\\n2.모든 재료를 쉐이커에 넣고 쉐이킹한다.\\n3.잔의 얼음을 버리고, 쉐이커의 음료를 걸러서 잔에 따라준다.\\n4.사과 슬라이스로 가니쉬해준다.'),(24,'네그로니','Build','C:\\cocktail\\pic\\gin\\Negroni.jpg','높음',22,'22.5ml',60,'22.5ml',28,'22.5ml',NULL,NULL,NULL,NULL,NULL,NULL,NULL,NULL,NULL,NULL,NULL,NULL,NULL,NULL,2,'레몬필','1.잔에 얼음을 가득 채운다.\\n2.모든 재료를 잔에 넣은 뒤 스터해준다.\\n3.레몬필로 마무리 해준다.'),(25,'롱 아일랜드 아이스티','Build','C:\\cocktail\\pic\\rum\\Long Island Ice Tea.png','중간',22,'15ml',5,' 15ml',1,'15ml',7,'15ml',38,'15ml',133,'45ml',66,'full(가득)',NULL,NULL,NULL,NULL,NULL,NULL,17,'라임 또는 레몬 웨지','1.잔에 얼음을 가득 채운다.\\n2.콜라를 제외한 모든 재료를 잔에 넣은 뒤 스터해준다.\\n3.잔에 콜라를 가득 채워준다.\\n4.라임 또는 레몬웨지로 가니쉬해준다.'),(26,'사이드카','Shake','C:\\cocktail\\pic\\brandy\\Sidecar.jpg','높음',10,'30ml',38,'30ml',73,'7.5ml',NULL,NULL,NULL,NULL,NULL,NULL,NULL,NULL,NULL,NULL,NULL,NULL,NULL,NULL,16,'없음','1.잔과 쉐이커에 얼음을 넣는다.\\n2.모든 재료를 쉐이커에 넣고 쉐이킹한다.\\n3.잔의 얼음을 버리고, 쉐이커의 음료를 걸러서 잔에 따라준다.'),(27,'마이타이','Blend','C:\\cocktail\\pic\\rum\\Mai Tai.png','중간',1,'37.5ml',38,'22.5ml',72,'30ml',80,'30ml',74,'30ml',105,'7.5ml',NULL,NULL,NULL,NULL,NULL,NULL,NULL,NULL,20,'파인애플 또는 웨지, 체리','1.잔에 얼음을 가득 채운다.\\n2.모든 재료와 얼음을 믹서기에 넣고 잘 섞이게 갈아준다.\\n3.믹서기의 음료를 잔에 따라준다.\\n4.파인애플 웨지와 체리로 가니쉬해준다.'),(28,'피냐 콜라다','Blend','C:\\cocktail\\pic\\rum\\Pina Colada.png','낮음',1,'37.5ml',135,'60ml',80,'60ml',NULL,NULL,NULL,NULL,NULL,NULL,NULL,NULL,NULL,NULL,NULL,NULL,NULL,NULL,20,'파인애플 웨지, 체리','1.잔에 얼음을 가득 채운다.\\n2.모든 재료와 얼음을 믹서기에 넣고 잘 섞이게 갈아준다.\\n3.잔의 얼음을 버리고, 믹서기의 음료를 잔에 따라준다.\\n4.파인애플웨지와 체리로 장식해준다.'),(29,'코스모폴리탄','Shake','C:\\cocktail\\pic\\vodka\\Cosmopolitan.jpg','중간',5,'30ml',38,'15ml',72,'15ml',77,'15ml',NULL,NULL,NULL,NULL,NULL,NULL,NULL,NULL,NULL,NULL,NULL,NULL,16,'라임 또는 레몬필','1.잔과 쉐이커에 얼음을 넣는다.\\n2.모든 재료를 쉐이커에 넣고 쉐이킹한다.\\n3.잔의 얼음을 버리고, 쉐이커의 음료를 걸러서 잔에 따라준다.\\n4.라임 또는 레몬필로 마무리해준다.'),(30,'모스코뮬','Build','C:\\cocktail\\pic\\vodka\\Moscow Mule.jpg','중간',5,'45ml',72,'15ml',68,'full(가득)',NULL,NULL,NULL,NULL,NULL,NULL,NULL,NULL,NULL,NULL,NULL,NULL,NULL,NULL,22,'라임 또는 레몬 조각','1.잔에 얼음을 가득 채운다.\\n2.보드카, 라임주스를 먼저 넣고 나머지 부분을 진저에일로 채워준다.\\n3.스터해주고, 라임 또는 레몬조각으로 장식해준다.'),(31,'애프리코트','Shake','C:\\cocktail\\pic\\no_image.png','높음',14,'45ml',22,'1tsp(티스푼)',73,'15ml',74,'15ml',NULL,NULL,NULL,NULL,NULL,NULL,NULL,NULL,NULL,NULL,NULL,NULL,16,'없음','1.잔과 쉐이커에 얼음을 넣는다.\\n2.모든 재료를 쉐이커에 넣고 쉐이킹한다.\\n3.잔의 얼음을 버리고, 쉐이커의 음료를 걸러서 잔에 따라준다.'),(32,'허니문','Shake','C:\\cocktail\\pic\\no_image.png','중간',13,'22.5ml',45,'22.5ml',38,'7.5ml',73,'15ml',NULL,NULL,NULL,NULL,NULL,NULL,NULL,NULL,NULL,NULL,NULL,NULL,16,'없음','1.잔과 쉐이커에 얼음을 넣는다.\\n2.모든 재료를 쉐이커에 넣고 쉐이킹한다.\\n3.잔의 얼음을 버리고, 쉐이커의 음료를 걸러서 잔에 따라준다.'),(33,'블루하와이안','Blend','C:\\cocktail\\pic\\rum\\Blue Hawaiian.png','중간',1,'30ml',32,'30ml',132,'30ml',80,'75ml',NULL,NULL,NULL,NULL,NULL,NULL,NULL,NULL,NULL,NULL,NULL,NULL,20,'파인애플 웨지','1.잔에 얼음을 가득 채운다.\\n2.모든 재료와 얼음을 믹서기에 넣고 잘 섞이게 갈아준다.\\n3.잔의 얼음을 버리고, 믹서기의 음료를 잔에 따라준다.\\n4.파인애플웨지와 체리로 장식해준다.'),(34,'키르','Build','C:\\cocktail\\pic\\wine\\kir.jpg','낮음',55,'90ml',40,'15ml',NULL,NULL,NULL,NULL,NULL,NULL,NULL,NULL,NULL,NULL,NULL,NULL,NULL,NULL,NULL,NULL,24,'레몬필','1.잔에 화이트와인과 카시스를 넣어준다.\\n2.잘 섞이도록 스터해준다.\\n3.레몬필로 마무리해준다.'),(35,'테킬라 선라이즈','Build/Float','C:\\cocktail\\pic\\others\\Tequila Sunrise.png','낮음',7,'45ml',74,'full(가득)',105,'15ml(flaot)',NULL,NULL,NULL,NULL,NULL,NULL,NULL,NULL,NULL,NULL,NULL,NULL,NULL,NULL,20,'없음','1.잔에 얼음을 가득 채운다.\\n2.잔에 테킬라와 오렌주스를 넣어준다.\\n3.바 스푼을 사용해서 그레나딘시럽을 잔의 벽을 따라 천천히 부어준다. '),(36,'벨리니','Stir','C:\\cocktail\\pic\\wine\\Bellini.jpg','낮음',57,'100ml',90,'50ml',NULL,NULL,NULL,NULL,NULL,NULL,NULL,NULL,NULL,NULL,NULL,NULL,NULL,NULL,NULL,NULL,21,'없음','1.잔에 얼음음 채워 잔을 차갑게만든다.\\n2.얼음을 버린후 피치스냅스와 그레나딘을 넣고 스터해준다.\\n3.스파클링 와인으로 잔의 나머지를 채워 마무리한다.'),(37,'카이피리냐','Stir','C:\\cocktail\\pic\\vodka\\Caipiroshka.jpg','높음',26,'60ml',110,'4tsp(티스푼)',84,'1/8조각',NULL,NULL,NULL,NULL,NULL,NULL,NULL,NULL,NULL,NULL,NULL,NULL,NULL,NULL,10,'없음','1.잔에 라임조각과 설탕을 넣은뒤 머들러로 잘 으깨준다.\\n2.크러시드 아이스와 카샤샤를 넣고 스터해준다.'),(38,'샴페인 칵테일','Build','C:\\cocktail\\pic\\champagne\\Champagne Cocktail.png','낮음',58,'90ml',11,'10ml',121,'2dashes',106,'1개',NULL,NULL,NULL,NULL,NULL,NULL,NULL,NULL,NULL,NULL,NULL,NULL,5,'오렌지필, 체리','1.잔에 각설탕을 넣고 앙고스투라 비터를 뿌려준다.\\n2.코냑과 샴페인을 넣는다.\\n3.오렌지필과 체리로 장식해준다.'),(39,'콥스 리바이버 넘버2','Shake','C:\\cocktail\\pic\\others\\Corpse Reviver2.jpg','높음',22,'30ml',38,'30ml',136,'30ml',73,'30ml',25,'1dash',NULL,NULL,NULL,NULL,NULL,NULL,NULL,NULL,NULL,NULL,16,'오렌지필','1.잔과 쉐이커에 얼음을 넣는다.\\n2.모든 재료를 쉐이커에 넣고 쉐이킹한다.\\n3.잔의 얼음을 버리고, 쉐이커의 음료를 따라준다.\\n4.오렌지필로 마무리해준다.'),(40,'프렌치 75','Shake/Stir','C:\\cocktail\\pic\\champagne\\French 75.jpg','중간',22,'30ml',72,'15ml',99,'15ml',58,'60ml',NULL,NULL,NULL,NULL,NULL,NULL,NULL,NULL,NULL,NULL,NULL,NULL,21,'없음','1.쉐이커에 얼음을 넣는다.\\n2.샴페인을 제외한 모든 재료를 쉐이커에 넣고 쉐이킹한다.\\n3.쉐이커의 음료를 잔에 따라준다.\\n4.샴페인으로 잔을 채워준다.'),(41,'프렌치 커넥션','Stir','C:\\cocktail\\pic\\others\\French Connection.jpg','높음',11,'35ml',42,'35ml',NULL,NULL,NULL,NULL,NULL,NULL,NULL,NULL,NULL,NULL,NULL,NULL,NULL,NULL,NULL,NULL,2,'없음','1.잔에 얼음과 모든 재료를 넣어준다.\\n2.잘 저어준다.'),(42,'골든 드림','Shake','C:\\cocktail\\pic\\liquere\\Golden Dream.jpg','중간',46,'20ml',38,'20ml',74,'20ml',114,'10ml',NULL,NULL,NULL,NULL,NULL,NULL,NULL,NULL,NULL,NULL,NULL,NULL,1,'없음','1.잔과 쉐이커에 얼음을 넣는다.\\n2.모든 재료를 쉐이커에 넣고 쉐이킹한다.\\n3.잔의 얼음을 버리고, 쉐이커의 음료를 따라준다.'),(43,'헤밍웨이 스페셜','Shake','C:\\cocktail\\pic\\rum\\Hemingway Special.jpg','중간',1,'60ml',76,'40ml',72,'15ml',34,'15ml',NULL,NULL,NULL,NULL,NULL,NULL,NULL,NULL,NULL,NULL,NULL,NULL,18,'없음','1.잔과 쉐이커에 얼음을 넣는다.\\n2.모든 재료를 쉐이커에 넣고 쉐이킹한다.\\n3.잔의 얼음을 버리고, 쉐이커의 음료를 따라준다.'),(44,'홀스즈 넥','Stir','C:\\cocktail\\pic\\brandy\\Horse\'s Neck.jpg','낮음',11,'40ml',68,'120ml',121,'1dash',NULL,NULL,NULL,NULL,NULL,NULL,NULL,NULL,NULL,NULL,NULL,NULL,NULL,NULL,22,'레몬필','1.잔에 얼음을 채워준다. \\n2.코냑과 진저에일로 채워준 뒤 앙고스투라 비터를 뿌려준다.\\n3.레몬필로 마무리해준다.'),(45,'아이리쉬 커피','Stir/Float','C:\\cocktail\\pic\\whisky\\Irish Coffee.jpg','중간',17,'50ml',71,'120ml',114,'50ml',110,'1tsp(티스푼)',NULL,NULL,NULL,NULL,NULL,NULL,NULL,NULL,NULL,NULL,NULL,NULL,11,'없음','1.손잡이가 있는 잔에 뜨거운 커피를 넣어준다.\\n2.설탕을 넣고 위스키를 넣은뒤 스터해준다.\\n3.생크림을 얹은 후, 커피 스푼을 꽂아준다.'),(47,'미모사','Stir','C:\\cocktail\\pic\\champagne\\Mimosa.png','낮음',57,'75ml',74,'75ml',NULL,NULL,NULL,NULL,NULL,NULL,NULL,NULL,NULL,NULL,NULL,NULL,NULL,NULL,NULL,NULL,21,'오렌지 필','1.잔에 오렌지 주스를 넣고, 스파클링 와인을 넣어준뒤 스터해준다.\\n2.오렌지필로 마무리해준다.'),(48,'민트 줄렙','Stir','C:\\cocktail\\pic\\whisky\\Mint Julep.jpg','높음',18,'60ml',131,'1tsp(티스푼)',70,'2tsp(티스푼)',127,'4개',NULL,NULL,NULL,NULL,NULL,NULL,NULL,NULL,NULL,NULL,NULL,NULL,13,'민트잎','1.잔에 민트잎과 설탕 물을 넣고 으깨준다.\\n2.크러시드 얼음을 넣고 위스키를 넣은뒤 잔이 차가워질때까지 스터해준다.\\n3.민트잎으로 장식해준다.'),(49,'모히토','Stir','C:\\cocktail\\pic\\rum\\Mojito.png','중간',1,'45ml',72,'20ml',110,'2tsp(티스푼)',127,'6개',65,'full(가득)',NULL,NULL,NULL,NULL,NULL,NULL,NULL,NULL,NULL,NULL,22,'민트잎, 라임조각','1.잔에 민트잎과 설탕 라임주스를 넣고 으깨준다.\\n2.크러시드 얼음을 가득 채우고 럼을 넣어준다.\\n3.탄산수로 잔을 채워주고 스터해준다.\\4.민트잎으로 장식해준다.'),(50,'피스코  사워','Shake','C:\\cocktail\\pic\\liquere\\Pisco Sour.jpg','중간',12,'60ml',73,'30ml',99,'20ml',137,'1개',NULL,NULL,NULL,NULL,NULL,NULL,NULL,NULL,NULL,NULL,NULL,NULL,4,'아마르고 비터','1.잔과 쉐이커에 얼음을 넣는다.\\n2.모든 재료를 쉐이커에 넣고 쉐이킹한다.\\n3.잔의 얼음을 버리고, 쉐이커의 음료를 걸러서 잔에 따라준다.\\n4.아마르고 비터를 뿌려 마무리해준다.'),(51,'섹스 온 더 비치','Build','C:\\cocktail\\pic\\vodka\\Sea Breeze.png','중간',5,'40ml',37,'20ml',74,'40ml',77,'40ml',NULL,NULL,NULL,NULL,NULL,NULL,NULL,NULL,NULL,NULL,NULL,NULL,22,'오렌지 조각','1.잔에 얼음을 가득 채운다. \\n2.모든 재료를 잔에 넣은 뒤 스터해준다.\\n3.오렌지 조각으로 장식해준다.'),(52,'베스퍼','Shake','C:\\cocktail\\pic\\gin\\Vesper Martini.png','높음',22,'45ml',5,'15ml',136,'7.5ml',NULL,NULL,NULL,NULL,NULL,NULL,NULL,NULL,NULL,NULL,NULL,NULL,NULL,NULL,1,'레몬필','1.잔과 쉐이커에 얼음을 넣는다.\\n2.모든 재료를 쉐이커에 넣고 쉐이킹한다.\\n3.잔의 얼음을 버리고, 쉐이커의 음료를 걸러서 잔에 따라준다.\\n4.레몬필로 마무리해준다.'),(53,'알렉산더','Shake','C:\\cocktail\\pic\\brandy\\Alexander.png','중간',11,'30ml',41,'30ml',114,'30ml',NULL,NULL,NULL,NULL,NULL,NULL,NULL,NULL,NULL,NULL,NULL,NULL,NULL,NULL,1,'넛맥 가루','1.잔과 쉐이커에 얼음을 넣는다.\\n2.모든 재료를 쉐이커에 넣고 쉐이킹한다.\\n3.잔의 얼음을 버리고, 쉐이커의 음료를 걸러서 잔에 따라준다.\\n4.넛맥 가루를 뿌려 장식해준다.'),(54,'아메리카노','Build/Stir','C:\\cocktail\\pic\\liquere\\Americano.png','높음',28,'30ml',60,'30ml',65,'약간',NULL,NULL,NULL,NULL,NULL,NULL,NULL,NULL,NULL,NULL,NULL,NULL,NULL,NULL,2,'오렌지 조각, 레몬필','1.잔에 얼음을 가득 채운다. \\n2.탄산수를 제외한 모든 재료를 잔에 넣는다.\\n3.탄산수를 약간 넣고 저어준다.\\n4.오렌지조각과 레몬필로 장식해준다.'),(55,'엔젤 페이스','Shake','C:\\cocktail\\pic\\others\\Angel Face.jpg','높음',22,'30ml',14,'30ml',15,'30ml',NULL,NULL,NULL,NULL,NULL,NULL,NULL,NULL,NULL,NULL,NULL,NULL,NULL,NULL,1,'없음','1.잔과 쉐이커에 얼음을 넣는다.\\n2.모든 재료를 쉐이커에 넣고 쉐이킹한다.\\n3.잔의 얼음을 버리고, 쉐이커의 음료를 걸러서 잔에 따라준다.'),(56,'에비에이션','Shake','C:\\cocktail\\pic\\gin\\Aviation.png','높음',22,'45ml',34,'15ml',73,'15ml',138,'1bsp(바스푼)',NULL,NULL,NULL,NULL,NULL,NULL,NULL,NULL,NULL,NULL,NULL,NULL,1,'체리','1.잔과 쉐이커에 얼음을 넣는다.\\n2.모든 재료를 쉐이커에 넣고 쉐이킹한다.\\n3.잔의 얼음을 버리고, 쉐이커의 음료를 걸러서 잔에 따라준다.\\n4.체리로 장식해준다.'),(57,'비트윈 더 시트','Shake','C:\\cocktail\\pic\\brandy\\Between the Sheets.jpg','높음',1,'30ml',11,'30ml',38,'30ml',73,'20ml',NULL,NULL,NULL,NULL,NULL,NULL,NULL,NULL,NULL,NULL,NULL,NULL,1,'없음','1.잔과 쉐이커에 얼음을 넣는다.\\n2.모든 재료를 쉐이커에 넣고 쉐이킹한다.\\n3.잔의 얼음을 버리고, 쉐이커의 음료를 걸러서 잔에 따라준다.'),(58,'불바디에','Stir','C:\\cocktail\\pic\\others\\Boulevardier.jpg','높음',18,'45ml',28,'30ml',60,'30ml',NULL,NULL,NULL,NULL,NULL,NULL,NULL,NULL,NULL,NULL,NULL,NULL,NULL,NULL,1,'오렌지 또는 레몬필','1.얼음과 모든 재료를 믹싱글라스에 넣는다.\\n2.잘 저은뒤 잔에 걸러서 따라준다.\\n3.오렌지 또는 레몬필로 마무리해준다.'),(59,'브랜디 크루스타','Stir','C:\\cocktail\\pic\\others\\Brandy Crusta.jpg','높음',10,'52.5ml',34,'7.5ml',38,'1bsp(바스푼)',73,'15ml',99,'1bsp(바스푼)',139,'2dashes',NULL,NULL,NULL,NULL,NULL,NULL,NULL,NULL,5,'오렌지 또는 레몬필','1.얼음과 모든 재료를 믹싱글라스에 넣는다.\\n2.잘 저은뒤 잔에 걸러서 따라준다.\\n3.오렌지 또는 레몬필로 마무리해준다.'),(60,'카지노','Shake','C:\\cocktail\\pic\\gin\\The Casino.jpg','높음',23,'40ml',34,'10ml',73,'10ml',119,'2dashes',NULL,NULL,NULL,NULL,NULL,NULL,NULL,NULL,NULL,NULL,NULL,NULL,10,'레몬필, 체리','1.잔과 쉐이커에 얼음을 넣는다.\\n2.모든 재료를 쉐이커에 넣고 쉐이킹한다.\\n3.잔의 얼음을 버리고, 쉐이커의 음료를 걸러서 잔에 따라준다.\\n4.레몬필과 체리로 장식해준다.'),(61,'클로버 클럽','Shake','C:\\cocktail\\pic\\gin\\Clover Club.jpg','중간',22,'45ml',108,'15ml',73,'15ml',137,'1개',NULL,NULL,NULL,NULL,NULL,NULL,NULL,NULL,NULL,NULL,NULL,NULL,1,'라즈베리','1.잔과 쉐이커에 얼음을 넣는다.\\n2.모든 재료를 쉐이커에 넣고 쉐이킹한다.\\n3.잔의 얼음을 버리고, 쉐이커의 음료를 걸러서 잔에 따라준다.\\n4.라즈베리로 장식해준다.'),(63,'행키 팽키','Stir','C:\\cocktail\\pic\\others\\Hanky Panky.jpg','높음',22,'45ml',60,'45ml',140,'7.5ml',NULL,NULL,NULL,NULL,NULL,NULL,NULL,NULL,NULL,NULL,NULL,NULL,NULL,NULL,1,'오렌지필','1.얼음과 모든 재료를 믹싱글라스에 넣는다.\\n2.잘 저은뒤 잔에 걸러서 따라준다.\\n3.오렌지필로 마무리해준다.'),(64,'존 콜린스','Stir','C:\\cocktail\\pic\\no_image.png','중간',22,'45ml',73,'30ml',99,'15ml',65,'60ml',NULL,NULL,NULL,NULL,NULL,NULL,NULL,NULL,NULL,NULL,NULL,NULL,22,'레몬조각, 체리','1.잔에 얼음을 가득 채운다. \\n2.모든 재료를 잔에 넣은 뒤 스터해준다.\\n3.레몬 조각과 체리로 장식해준다.'),(65,'라스트 워드','Shake','C:\\cocktail\\pic\\others\\Last Word.jpg','높음',22,'22.5ml',141,'22.5ml',34,'22.5ml',72,'22.5ml',NULL,NULL,NULL,NULL,NULL,NULL,NULL,NULL,NULL,NULL,NULL,NULL,1,'없음','1.잔과 쉐이커에 얼음을 넣는다.\\n2.모든 재료를 쉐이커에 넣고 쉐이킹한다.\\n3.잔의 얼음을 버리고, 쉐이커의 음료를 걸러서 잔에 따라준다.'),(66,'마르티네스','Stir','C:\\cocktail\\pic\\others\\Martinez.jpg','높음',22,'45ml',60,'45ml',34,'1bsp(바스푼)',119,'2dashes',NULL,NULL,NULL,NULL,NULL,NULL,NULL,NULL,NULL,NULL,NULL,NULL,1,'레몬필','1.얼음과 모든 재료를 믹싱글라스에 넣는다.\\n2.잘 저은뒤 잔에 걸러서 따라준다.\\n3.레몬필로 마무리해준다.'),(67,'메리 픽포드','Stir','C:\\cocktail\\pic\\rum\\Mary Pickford.png','중간',1,'45ml',80,'45ml',34,'7.5ml',105,'5ml',NULL,NULL,NULL,NULL,NULL,NULL,NULL,NULL,NULL,NULL,NULL,NULL,1,'없음','1.잔과 쉐이커에 얼음을 넣는다.\\n2.모든 재료를 쉐이커에 넣고 쉐이킹한다.\\n3.잔의 얼음을 버리고, 쉐이커의 음료를 걸러서 잔에 따라준다.'),(68,'몽키  글랜드','Shake','C:\\cocktail\\pic\\gin\\Monkey Gland.jpg','중간',22,'45ml',74,'45ml',105,'1tsp(티스푼)',25,'1tsp(티스푼)',NULL,NULL,NULL,NULL,NULL,NULL,NULL,NULL,NULL,NULL,NULL,NULL,1,'없음','1.잔과 쉐이커에 얼음을 넣는다.\\n2.모든 재료를 쉐이커에 넣고 쉐이킹한다.\\n3.잔의 얼음을 버리고, 쉐이커의 음료를 걸러서 잔에 따라준다.'),(69,'파라다이스','Shake','C:\\cocktail\\pic\\gin\\Paradise.jpg','높음',22,'30ml',14,'20ml',74,'15ml',NULL,NULL,NULL,NULL,NULL,NULL,NULL,NULL,NULL,NULL,NULL,NULL,NULL,NULL,1,'없음','1.잔과 쉐이커에 얼음을 넣는다.\\n2.모든 재료를 쉐이커에 넣고 쉐이킹한다.\\n3.잔의 얼음을 버리고, 쉐이커의 음료를 걸러서 잔에 따라준다.'),(70,'라모스 진 피즈','Shake','C:\\cocktail\\pic\\gin\\Ramos Fizz.jpg','중간',22,'45ml',72,'15ml',73,'15ml',99,'30ml',114,'60ml',137,'1개',130,'3dashes',129,'2drop(방울)',65,'약간',NULL,NULL,22,'없음','1.잔과 쉐이커에 얼음을 넣는다.\\n2.탄산수를 제외한 모든 재료를 쉐이커에 넣고 2분동안 쉐이킹한다.\\n3.쉐이커의 얼음을 꺼낸 후, 다시 1분 동안 얼음없이 쉐이킹한다.\\n4.잔의 얼음을 버리고, 쉐이커의 음료를 잔에 따르고, 탄산수로 잔을 채워준다.'),(71,'사제락','Stir','C:\\cocktail\\pic\\whisky\\Sazerac.png','높음',11,'50ml',25,'10ml',106,'1개',120,'2dashes',NULL,NULL,NULL,NULL,NULL,NULL,NULL,NULL,NULL,NULL,NULL,NULL,2,'레몬필','1.차가운 잔에 압생트를 린스해주고, 얼음을 채워 옆에 놔둔다.\\n2.믹싱 글라스에 얼음과 나머지 재료를 넣고 스터해준다.\\n3.압생트를 린스한 잔에서 압생트를 버리고, 이 잔에 믹싱글라스의 내용물을 걸러서 따라준다.\\n4.레몬필로 마무리한다.'),(72,'스팅어','Stir','C:\\cocktail\\pic\\brandy\\Stinger.jpg','높음',11,'50ml',47,'20ml',NULL,NULL,NULL,NULL,NULL,NULL,NULL,NULL,NULL,NULL,NULL,NULL,NULL,NULL,NULL,NULL,1,'민트잎','1.잔에 얼음을 가득 채운다.\\n2.믹싱 글라스에 얼음과 모든 재료를 넣어서 스터해준다.\\n3.잔의 얼음을 버리고, 믹싱 글라스의 음료를 잔에 따라준다.\\n4.민트잎으로 장식해준다.'),(73,'턱시도','Stir','C:\\cocktail\\pic\\no_image.png','높음',23,'30ml',61,'30ml',34,'0.5bsp(바스푼)',25,'0.25bsp(바스푼)',119,'3dashes',NULL,NULL,NULL,NULL,NULL,NULL,NULL,NULL,NULL,NULL,1,'체리,레몬필','1.잔에 얼음을 가득 채운다.\\n2.믹싱 글라스에 얼음과 모든 재료를 넣어서 스터해준다.\\n3.잔의 얼음을 버리고, 믹싱 글라스의 음료를 잔에 따라준다.\\n4.레몬필과 체리로 장식해준다.'),(74,'뷰 카레','Stir','C:\\cocktail\\pic\\others\\Vieux Carre.jpg','높음',20,'30ml',11,'30ml',60,'30ml',45,'1bsp(바스푼)',120,'2dashes',NULL,NULL,NULL,NULL,NULL,NULL,NULL,NULL,NULL,NULL,1,'오렌지필, 체리','1.잔에 얼음을 가득 채운다.\\n2.믹싱 글라스에 얼음과 모든 재료를 넣어서 스터해준다.\\n3.잔의 얼음을 버리고, 믹싱 글라스의 음료를 잔에 따라준다.\\n4.오렌지필과 체리로 장식해준다.'),(75,'화이트 레이디','Shake','C:\\cocktail\\pic\\gin\\White Lady.jpg','높음',22,'40ml',38,'30ml',73,'20ml',NULL,NULL,NULL,NULL,NULL,NULL,NULL,NULL,NULL,NULL,NULL,NULL,NULL,NULL,1,'없음','1.잔과 쉐이커에 얼음을 넣는다.\\n2.모든 재료를 쉐이커에 넣고 쉐이킹한다.\\n3.잔의 얼음을 버리고, 쉐이커의 음료를 걸러서 잔에 따라준다.'),(76,'바라쿠다','Shake','C:\\cocktail\\pic\\rum\\Barracuda.png','중간',2,'45ml',46,'15ml',80,'60ml',72,'1dash',57,'가득',NULL,NULL,NULL,NULL,NULL,NULL,NULL,NULL,NULL,NULL,22,'파인애플,체리, 민트잎','1.잔과 쉐이커에 얼음을 넣는다.\\n2.프로세코를 제외한 모든 재료를 쉐이커에 넣고 쉐이킹한다.\\n3.쉐이커의 음료를 걸러서 잔에 따라주고 프로세코로 가득 채워준다.\\n4.파인애플과 체리, 민트잎으로 장식해준다.'),(77,'브램블','Shake','C:\\cocktail\\pic\\gin\\Bramble.png','중간',22,'50ml',73,'25ml',99,'12.5ml',31,'15ml',NULL,NULL,NULL,NULL,NULL,NULL,NULL,NULL,NULL,NULL,NULL,NULL,2,'레몬조각,블랙베리','1.잔과 쉐이커에 얼음을 넣는다.\\n2.블랙베리 리큐르를 제외한 모든 재료를 쉐이커에 넣고 쉐이킹한다.\\n3.잔을 크러시드 아이스로 채워준다.\\n4.쉐이커의 음료를 걸러서 잔에 따라주고 블랙베리 리큐르를 천천히 부어준다.\\n5.레몬조각과 블랙베리로 장식해준다.'),(78,'비즈 니즈','Stir/Shake','C:\\cocktail\\pic\\others\\Bee\'s Knees.jpg','낮음',22,'52.5ml',103,'2tsp',73,'22.5ml',74,'22.5ml',NULL,NULL,NULL,NULL,NULL,NULL,NULL,NULL,NULL,NULL,NULL,NULL,1,'레몬 또는 오렌지필','1.꿀과 레몬주스와 오렌지주스가 녹을때까지 저어준다.\\n2.잔과 쉐이커에 얼음을 넣는다.\\n3.쉐이커에 진과 녹인 재료들을 넣고 쉐이킹해준다.\\n4.잔의 얼음을 버리고, 쉐이커의 음료를 걸러서 잔에 따라준다.\\n5.레몬 또는 오렌지필로 마무리해준다.'),(79,'칸찬차라','Stir','C:\\cocktail\\pic\\others\\Paloma.png','높음',3,'60ml',72,'15ml',143,'15ml',70,'50ml',NULL,NULL,NULL,NULL,NULL,NULL,NULL,NULL,NULL,NULL,NULL,NULL,2,'라임 웨지','1.꿀과 물, 라임주스를 섞어서 잔에 따라준다.\\n2.잔에 잔얼음을 넣고, 럼을 넣는다.\\n3.강하게 저어준다.\\n4.라임 웨지로 장식해준다.'),(80,'다크 앤 스토미','Build','C:\\cocktail\\pic\\others\\Dark N Stormy.jpg','낮음',3,'60ml',68,'100ml',NULL,NULL,NULL,NULL,NULL,NULL,NULL,NULL,NULL,NULL,NULL,NULL,NULL,NULL,NULL,NULL,22,'라임 웨지 또는 조각','1.잔에 얼음을 가득 채운다.\\n2.진저에일을 먼저 따라주고, 럼을 따라준다.\\n3.라임웨지 또는 조각으로 장식해준다.'),(81,'에스프레소 마티니','Shake','C:\\cocktail\\pic\\vodka\\Espresso Martini.jpg','중간',5,'50ml',43,'30ml',99,'10ml',144,'1shot',NULL,NULL,NULL,NULL,NULL,NULL,NULL,NULL,NULL,NULL,NULL,NULL,1,'없음','1.잔과 쉐이커에 얼음을 넣는다.\\n2.모든 재료를 쉐이커에 넣고 쉐이킹한다.\\n3.잔의 얼음을 버리고, 쉐이커의 음료를 걸러서 잔에 따라준다.'),(82,'페르난디토','Stir','C:\\cocktail\\pic\\no_image.png','중간',140,'50ml',66,'full(가득)',NULL,NULL,NULL,NULL,NULL,NULL,NULL,NULL,NULL,NULL,NULL,NULL,NULL,NULL,NULL,NULL,3,'없음','1.잔에 얼음을 가득 채운다.\\n2.페르넷 블랑카를 잔에 부어주고, 콜라로 잔을 가득 채워준 뒤 스터한다.'),(83,'프렌치 마티니','Shake','C:\\cocktail\\pic\\vodka\\French Martini.jpg','높음',5,'45ml',39,'15ml',80,'15ml',NULL,NULL,NULL,NULL,NULL,NULL,NULL,NULL,NULL,NULL,NULL,NULL,NULL,NULL,1,'레몬필','1.잔과 쉐이커에 얼음을 넣는다.\\n2.모든 재료를 쉐이커에 넣고 쉐이킹한다.\\n3.잔의 얼음을 버리고, 쉐이커의 음료를 걸러서 잔에 따라준다.\\n4.레몬필로 마무리한다.'),(84,'레몬 드롭 마티니','Shake','C:\\cocktail\\pic\\vodka\\Lemon Drop Martini.jpg','높음',6,'30ml',38,'20ml',73,'15ml',NULL,NULL,NULL,NULL,NULL,NULL,NULL,NULL,NULL,NULL,NULL,NULL,NULL,NULL,1,'설탕 리밍','1.잔에 설탕 리밍을 해준다.\\n2.잔과 쉐이커에 얼음을 넣는다.\\n3.모든 재료를 쉐이커에 넣고 쉐이킹한다.\\n4.잔의 얼음을 버리고, 쉐이커의 음료를 걸러서 잔에 따라준다.'),(85,'네이키드 앤 페이머스','Shake','C:\\cocktail\\pic\\no_image.png','높음',9,'22.5ml',142,'22.5ml',29,'22.5ml',72,'22.5ml',NULL,NULL,NULL,NULL,NULL,NULL,NULL,NULL,NULL,NULL,NULL,NULL,1,'없음','1.잔과 쉐이커에 얼음을 넣는다.\\n2.모든 재료를 쉐이커에 넣고 쉐이킹한다.\\n3.잔의 얼음을 버리고, 쉐이커의 음료를 걸러서 잔에 따라준다.'),(86,'뉴욕사워','Shake','C:\\cocktail\\pic\\others\\New York Sour.jpg','중간',18,'60ml',99,'22.5ml',73,'30ml',137,'1개',56,'15ml',NULL,NULL,NULL,NULL,NULL,NULL,NULL,NULL,NULL,NULL,10,'오렌지필, 체리','1.잔과 쉐이커에 얼음을 넣는다.\\n2.레드 와인을 제외한 모든 재료를 쉐이커에 넣고 쉐이킹한다.\\n3.잔의 얼음을 버리고, 쉐이커의 음료를 걸러서 잔에 따라준다.\\n4.상단에 레드 와인을 따라준다.\\n5.오렌지필과 체리로 장식해준다.'),(87,'올드 쿠반','Shake','C:\\cocktail\\pic\\others\\Old Cuban.jpg','중간',127,'6조각',3,'45ml',72,'22.5ml',90,'30ml',121,'2dashes',57,'60ml',NULL,NULL,NULL,NULL,NULL,NULL,NULL,NULL,1,'민트잎','1.잔과 쉐이커에 얼음을 넣는다.\\n2.프로세코를 제외한 모든 재료를 쉐이커에 넣고 쉐이킹한다.\\n3.잔의 얼음을 버리고, 쉐이커의 음료를 걸러서 잔에 따라준다.\\n4.상단에 프로세코를 따라준다.\\n5.민트잎으로 장식해준다.'),(88,'팔로마','Stir','C:\\cocktail\\pic\\others\\Paloma.png','낮음',7,'50ml',72,'5ml',76,'100ml',124,'1pinch(꼬집)',NULL,NULL,NULL,NULL,NULL,NULL,NULL,NULL,NULL,NULL,NULL,NULL,22,'라임조각','1.테킬라와 라임주스를 잔에 넣는다.\\n2.얼음과 소금을 잔에 넣고, 자몽주스를 가득 채우고 스터한다.\\n3.라임조각으로 장식한다.'),(89,'페니실린','Shake','C:\\cocktail\\pic\\others\\Penicillin.png','높음',146,'60ml',147,'7.5ml',73,'22.5ml',103,'22.5ml',148,'2~3조각',NULL,NULL,NULL,NULL,NULL,NULL,NULL,NULL,NULL,NULL,2,'진저 캔디','1.잔과 쉐이커에 얼음을 넣는다.\\n2.아일라 위스키를 제외한 모든 재료를 쉐이커에 넣고, 쉐이킹해준다.\\n3.잔의 얼음을 버리고, 쉐이커의 음료를 걸러서 잔에 따라준다.\\n4.상단에 아일라 위스키를 플로팅해준다.\\n5.진저 캔디로 장식해준다.'),(90,'러시안 스프링 펀치','Shake','C:\\cocktail\\pic\\vodka\\Russian Spring Punch.jpg','낮음',5,'25ml',73,'25ml',40,'15ml',99,'10ml',145,'full(가득)',NULL,NULL,NULL,NULL,NULL,NULL,NULL,NULL,NULL,NULL,19,'블랙베리, 레몬조각','1.잔과 쉐이커에 얼음을 넣는다.\\n2.스파클링 와인을 제외한 모든 재료를 쉐이커에 넣고 쉐이킹한다.\\n3.잔의 얼음을 버리고, 쉐이커의 음료를 걸러서 잔에 따라준다.\\n4.스파클링 와인을 상단에 따른다.\\n5.블랙베리와 레몬조각으로 장식해준다.'),(91,'사우스사이드','Shake','C:\\cocktail\\pic\\vodka\\Southside.jpg','중간',22,'60ml',73,'30ml',99,'15ml',127,'5조각',137,'1개',NULL,NULL,NULL,NULL,NULL,NULL,NULL,NULL,NULL,NULL,1,'민트잎','1.잔과 쉐이커에 얼음을 넣는다.\\n2.모든 재료를 쉐이커에 넣고 쉐이킹한다.\\n3.잔의 얼음을 버리고, 쉐이커의 음료를 더블 스트레인으로 걸러서 잔에 따라준다.\\n4.민트잎으로 장식해준다.'),(92,'아페롤 스프리츠','Stir','C:\\cocktail\\pic\\wine\\Aperol Spritz.jpg','낮음',57,'90ml',29,'60ml',65,'full(가득)',NULL,NULL,NULL,NULL,NULL,NULL,NULL,NULL,NULL,NULL,NULL,NULL,NULL,NULL,15,'오렌지 조각','1.모든 재료를 얼음과 잔에 넣는다.\\n2.잘 저어준다.\\n3.오렌지 조각으로 장식한다.'),(93,'서퍼링 바스타드','Shake','C:\\cocktail\\pic\\others\\Suffering Bastard.jpg','높음',11,'30ml',22,'30ml',72,'15ml',121,'2dash',68,'full(가득)',NULL,NULL,NULL,NULL,NULL,NULL,NULL,NULL,NULL,NULL,7,'민트잎,오렌지 조각','1.잔과 쉐이커에 얼음을 넣는다.\\n2.진저에일을 제외한 모든 재료를 쉐이커에 넣고 쉐이킹한다.\\n3.쉐이커의 음료를 거르지 않고 그대로 잔에 따라준다.\\n4.진저에일로 잔을 가득 채운다.\\n5.민트잎과 오렌지조각으로 장식한다.'),(94,'티퍼러리','Stir','C:\\cocktail\\pic\\no_image.png','높음',17,'50ml',60,'25ml',141,'15ml',121,'2dash',NULL,NULL,NULL,NULL,NULL,NULL,NULL,NULL,NULL,NULL,NULL,NULL,1,'오렌지 조각','1.잔에 얼음을 채운다.\\n2.얼음과 모든 재료를 믹싱글라스에 넣는다.\\n3.잘 저은뒤 잔에 걸러서 따라준다.\\n4.오렌지 조각으로 장식해준다.'),(95,'토미스 마가리타','Shake','C:\\cocktail\\pic\\others\\Tommy\'s Margarita.jpg','높음',7,'45ml',72,'15ml',102,'2bsp',NULL,NULL,NULL,NULL,NULL,NULL,NULL,NULL,NULL,NULL,NULL,NULL,NULL,NULL,10,'라임 조각','1.잔과 쉐이커에 얼음을 넣는다.\\n2.모든 재료를 쉐이커에 넣고 쉐이킹한다.\\n3.잔의 얼음을 버리고, 쉐이커의 음료를 걸러서 잔에 따라준다.\\n4.라임조각으로 장식해준다.'),(96,'트리니다드 사워','Stir','C:\\cocktail\\pic\\others\\Trinidad Sour.jpg','높음',121,'45ml',101,'30ml',73,'22.5ml',20,'15ml',NULL,NULL,NULL,NULL,NULL,NULL,NULL,NULL,NULL,NULL,NULL,NULL,1,'없음','1.얼음과 모든 재료를 믹싱글라스에 넣는다.\\n2.잘 저은뒤 잔에 걸러서 따라준다.'),(97,'옐로우 버드','Shake','C:\\cocktail\\pic\\rum\\Yellow Bird.png','중간',1,'30ml',46,'15ml',38,'15ml',72,'15ml',NULL,NULL,NULL,NULL,NULL,NULL,NULL,NULL,NULL,NULL,NULL,NULL,1,'없음','1.잔과 쉐이커에 얼음을 넣는다.\\n2.모든 재료를 쉐이커에 넣고 쉐이킹한다.\\n3.잔의 얼음을 버리고, 쉐이커의 음료를 걸러서 잔에 따라준다.'),(98,'브랜디 쿠반','Stir','C:\\cocktail\\pic\\brandy\\Brandy Cuban.jpg','낮음',10,'60ml',72,'30ml',66,'120ml',NULL,NULL,NULL,NULL,NULL,NULL,NULL,NULL,NULL,NULL,NULL,NULL,NULL,NULL,17,'라임 조각','1.잔에 얼음을 채운다.\\n2.라임주스와 브랜디를 잔에 넣고 스터해준다.\\n3.콜라로 잔을 가득 채운 뒤 라임 조각으로 장식해준다.'),(99,'브랜디 퍼펙트','Stir','C:\\cocktail\\pic\\brandy\\Brandy Perfect.png','높음',10,'90ml',60,'15ml',61,'15ml',NULL,NULL,NULL,NULL,NULL,NULL,NULL,NULL,NULL,NULL,NULL,NULL,NULL,NULL,16,'레몬 껍질','1.잔과 믹싱글라스에 얼음을 채운다.\\n2.모든 재료를 믹싱글라스에 넣는다.\\n3.잘 저은뒤 잔에 걸러서 따라준다.\\n4.레몬 껍질로 장식해준다.'),(100,'시카고','Shake','C:\\cocktail\\pic\\brandy\\Chicago.jpg','높음',10,'90ml',120,'1dash',38,'1/4tsp',NULL,NULL,NULL,NULL,NULL,NULL,NULL,NULL,NULL,NULL,NULL,NULL,NULL,NULL,10,'설탕 리밍','1.잔에 설탕 리밍을 해준다.\\n2.쉐이커와 잔에 얼음을 넣는다.\\n3.모든 재료를 쉐이커에 넣고 잘 섞는다.\\n4.잔에 얼음을 걸러서 따라준다.'),(101,'포르토 플립','Shake','C:\\cocktail\\pic\\brandy\\Porto Flip.jpg','중간',10,'22.5ml',63,'67.5ml',154,'1개',NULL,NULL,NULL,NULL,NULL,NULL,NULL,NULL,NULL,NULL,NULL,NULL,NULL,NULL,16,'넛맥 가루','1.잔과 쉐이커에 얼음을 넣는다.\\n2.모든 재료를 쉐이커에 넣고 쉐이킹한다.\\n3.잔의 얼음을 버리고, 쉐이커의 음료를 더블 스트레인으로 걸러서 잔에 따라준다.\\n4.넛맥 가루로 마무리해준다.'),(102,'레드 브랜디 선셋','Build','C:\\cocktail\\pic\\brandy\\Red Brandy Sunset.jpg','낮음',10,'30ml',40,'15ml',73,'15ml',67,'120ml',NULL,NULL,NULL,NULL,NULL,NULL,NULL,NULL,NULL,NULL,NULL,NULL,17,'레몬 조각','1.잔에 얼음을 채운다.\\n2.사이다를 제외한 모든 재료를 잔에 따라준다.\\n3.잘 저은뒤 사이다로 잔을 가득 채워준다.\\n4.레몬 조각으로 장식해준다.'),(103,'샴페인 줄렙','Stir','C:\\cocktail\\pic\\champagne\\Champagne Julep.jpg','중간',18,'30ml',58,'120ml',99,'15ml',127,'6조각',NULL,NULL,NULL,NULL,NULL,NULL,NULL,NULL,NULL,NULL,NULL,NULL,5,'없음','1.믹싱 글라스에 민트잎과 심플시럽을 넣고 으깨준다.\\n2.위스키를 추가해서 잘 저어준다.\\n3.잔에 믹싱글라스의 음료를 걸러서 따라준다.\\n4.샴페인으로 가득 채워준다.'),(104,'다이아몬드 피즈','Build','C:\\cocktail\\pic\\champagne\\Diamond Fizz.jpg','중간',21,'30ml',58,'120ml',73,'30ml',99,'1dash',NULL,NULL,NULL,NULL,NULL,NULL,NULL,NULL,NULL,NULL,NULL,NULL,5,'없음','1.샴페인 잔에 샴페인을 제외한 모든 재료를 넣어준다.\\n2.샴페인으로 잔을 가득 채워준다.'),(105,'키르 로얄','Build','C:\\cocktail\\pic\\champagne\\Kir Royale.jpg','중간',58,'135ml',40,'15ml',NULL,NULL,NULL,NULL,NULL,NULL,NULL,NULL,NULL,NULL,NULL,NULL,NULL,NULL,NULL,NULL,5,'없음','1.카시스를 잔에 따라준다.\\n2.샴페인으로 잔을 가득 채워준다.'),(106,'나이트 앤 데이','Build','C:\\cocktail\\pic\\champagne\\Night and Day.png','중간',58,'90ml',38,'15ml',10,'22.5ml',121,'1dash',NULL,NULL,NULL,NULL,NULL,NULL,NULL,NULL,NULL,NULL,NULL,NULL,8,'없음','1.잔에 간얼음을 채워준다.\\n2.샴페인을 제외한 모든 재료를 따라준다.\\n3.샴페인으로 잔을 가득채운다.'),(107,'라즈베리 샴페인','Stir','C:\\cocktail\\pic\\champagne\\Raspberry Champagne.jpg','중간',58,'150ml',152,'30ml',NULL,NULL,NULL,NULL,NULL,NULL,NULL,NULL,NULL,NULL,NULL,NULL,NULL,NULL,NULL,NULL,5,'라즈베리','1.잔에 모든 재료를 따라준다.\\n2.잘 저어준 뒤 라즈베리로 장식한다.'),(108,'스프리츠 베네지아노','Stir','C:\\cocktail\\pic\\wine\\Spritz Veneziano.jpg','낮음',57,'90ml',29,'60ml',65,'120ml',NULL,NULL,NULL,NULL,NULL,NULL,NULL,NULL,NULL,NULL,NULL,NULL,NULL,NULL,2,'오렌지 조각','1.잔에 얼음을 채워준다.\\n2.프로세코와 아페롤을 잔에 넣고 잘 저어준다.\\n3.탄산수로 잔을 가득 채우고 오렌지 조각으로 마무리한다.'),(109,'블루 마가리타','Shake','C:\\cocktail\\pic\\tequila\\Blue Margarita.jpg','높음',7,'30ml',38,'15ml',72,'15ml',32,'15ml',110,'1tsp',124,'1/2tsp',NULL,NULL,NULL,NULL,NULL,NULL,NULL,NULL,16,'라임 웨지','1.잔과 쉐이커에 얼음을 넣는다.\\n2.모든 재료를 쉐이커에 넣고 쉐이킹한다.\\n3.잔의 얼음을 버리고, 쉐이커의 음료를 걸러서 잔에 따라준다.\\n4.라임 웨지로 장식해준다.'),(110,'캘리포니아 드림','Shake','C:\\cocktail\\pic\\tequila\\California Dream.png','높음',7,'60ml',60,'30ml',61,'15ml',NULL,NULL,NULL,NULL,NULL,NULL,NULL,NULL,NULL,NULL,NULL,NULL,NULL,NULL,16,'체리','1.잔과 쉐이커에 얼음을 넣는다.\\n2.모든 재료를 쉐이커에 넣고 쉐이킹한다.\\n3.잔의 얼음을 버리고, 쉐이커의 음료를 걸러서 잔에 따라준다.\\n4.체리로 장식해준다.'),(111,'플로리다 선샤인','Stir','C:\\cocktail\\pic\\tequila\\Florida Sunshine.jpg','낮음',7,'60ml',105,'15ml',74,'60ml',80,'60ml',NULL,NULL,NULL,NULL,NULL,NULL,NULL,NULL,NULL,NULL,NULL,NULL,17,'체리','1.잔에 얼음을 채운다.\\n2.그레나딘을 제외한 모든 재료를 잔에 따라준다.\\n3.잘 저은 뒤 그레나딘을 따라준다.\\n4.체리로 장식해준다.'),(112,'멕시카노','Shake','C:\\cocktail\\pic\\tequila\\Mexicano.png','중간',7,'60ml',105,'1tsp',73,'15ml',80,'30ml',NULL,NULL,NULL,NULL,NULL,NULL,NULL,NULL,NULL,NULL,NULL,NULL,16,'없음','1.잔과 쉐이커에 얼음을 넣는다.\\n2.모든 재료를 쉐이커에 넣고 쉐이킹한다.\\n3.잔의 얼음을 버리고, 쉐이커의 음료를 걸러서 잔에 따라준다.'),(113,'핑크 마가리타','Shake','C:\\cocktail\\pic\\tequila\\Pink Margarita.jpg','높음',7,'60ml',28,'15ml',73,'22.5ml',143,'22.5ml',NULL,NULL,NULL,NULL,NULL,NULL,NULL,NULL,NULL,NULL,NULL,NULL,16,'라임조각,민트잎','1.잔과 쉐이커에 얼음을 넣는다.\\n2.모든 재료를 쉐이커에 넣고 쉐이킹한다.\\n3.잔의 얼음을 버리고, 쉐이커의 음료를 걸러서 잔에 따라준다.\\n4.라임 조각과 민트잎으로 장식해준다.'),(114,'테킬라 선셋','Build','C:\\cocktail\\pic\\tequila\\Tequila Sunset.jpg','중간',7,'90ml',10,'30ml',74,'120ml',NULL,NULL,NULL,NULL,NULL,NULL,NULL,NULL,NULL,NULL,NULL,NULL,NULL,NULL,17,'체리','1.잔에 얼음을 채운다.\\n2.테킬라를 먼저 따라준다.\\n3.오렌지주스로 적당량 채워주고, 브랜디를 마지막으로 따라준다.\\n4.체리로 장식한다.'),(115,'아도니스','Shake','C:\\cocktail\\pic\\liquere\\Adonis.jpg','중간',62,'45ml',60,'45ml',74,'45ml',119,'2dashes',99,'1dash',NULL,NULL,NULL,NULL,NULL,NULL,NULL,NULL,NULL,NULL,16,'오렌지필','1.잔과 쉐이커에 얼음을 넣는다.\\n2.모든 재료를 쉐이커에 넣고 쉐이킹한다.\\n3.잔의 얼음을 버리고, 쉐이커의 음료를 걸러서 잔에 따라준다.\\n4.오렌지필로 마무리해준다.'),(116,'아마레또 사워','Shake','C:\\cocktail\\pic\\liquere\\Amaretto Sour.jpg','중간',42,'60ml',73,'30ml',NULL,NULL,NULL,NULL,NULL,NULL,NULL,NULL,NULL,NULL,NULL,NULL,NULL,NULL,NULL,NULL,2,'레몬조각','1.잔과 쉐이커에 얼음을 넣는다.\\n2.모든 재료를 쉐이커에 넣고 쉐이킹한다.\\n3.쉐이커의 음료를 걸러서 잔에 따라준다.\\n4.레몬 조각으로 장식해준다.'),(117,'블로우 잡','Float','C:\\cocktail\\pic\\liquere\\Blow Job.jpg','높음',50,'15ml',42,'15ml',155,'조금',NULL,NULL,NULL,NULL,NULL,NULL,NULL,NULL,NULL,NULL,NULL,NULL,NULL,NULL,25,'휘핑크림','1.잔에 아마레토와 아이리쉬 크림을 따라준다.\\n2.휘핑크림으로 마무리해준다.'),(118,'캄파리 모히토','Shake','C:\\cocktail\\pic\\liquere\\Campari Mojito.png','중간',28,'60ml',1,'30ml',72,'30ml',127,'1개',69,'90ml',84,'1/4조각',NULL,NULL,NULL,NULL,NULL,NULL,NULL,NULL,17,'라임웨지,민트잎','1.잔과 쉐이커에 얼음을 넣는다.\\n2.캄파리와 토닉워터를 제외한 모든 재료를 쉐이커에 넣고 으깨준다.\\n3.쉐이커에 캄파리를 넣고 잘 섞어준다.\\n4.쉐이커의 음료를 걸러서 잔에 따라준 뒤 토닉워터로 가득채워준다.\\n5.라임웨지와 민트잎으로 장식해준다.'),(119,'체리 콜라','Stir','C:\\cocktail\\pic\\liquere\\Cherry Cola.jpg','낮음',33,'22.5ml',1,'45ml',66,'120ml',NULL,NULL,NULL,NULL,NULL,NULL,NULL,NULL,NULL,NULL,NULL,NULL,NULL,NULL,17,'체리','1.잔에 얼음을 넣는다.\\n2.모든 재료를 잔에 따라준뒤 잘 저어준다.\\n3.체리로 장식해준다.'),(120,'초콜렛티니','Shake','C:\\cocktail\\pic\\liquere\\Chocolatini.jpg','중간',50,'45ml',5,'30ml',41,'15ml',NULL,NULL,NULL,NULL,NULL,NULL,NULL,NULL,NULL,NULL,NULL,NULL,NULL,NULL,16,'초콜릿','1.잔과 쉐이커에 얼음을 넣는다.\\n2.모든 재료를 쉐이커에 넣고 쉐이킹한다.\\n3.쉐이커의 음료를 걸러서 잔에 따라준다.\\n4.초콜릿으로 장식해준다.'),(121,'퍼지 네이블','Stir','C:\\cocktail\\pic\\liquere\\Fuzzy Navel.jpg','중간',37,'60ml',74,'120ml',NULL,NULL,NULL,NULL,NULL,NULL,NULL,NULL,NULL,NULL,NULL,NULL,NULL,NULL,NULL,NULL,17,'오렌지 조각','1.잔에 얼음을 가득 채운다.\\n2.모든 재료를 잔에 넣고 잘 저어준다.\\n3.오렌지 조각으로 장식해준다.'),(122,'멜론 볼','Shake','C:\\cocktail\\pic\\liquere\\Melon Ball.jpg','중간',35,'60ml',5,'60ml',74,'30ml',NULL,NULL,NULL,NULL,NULL,NULL,NULL,NULL,NULL,NULL,NULL,NULL,NULL,NULL,17,'없음','1.쉐이커에 얼음을 채운다.\\n2.보드카와 미도리를 쉐이커에 넣고 잘 섞는다.\\n3.잔에 쉐이커의 음료를 걸러주고, 오렌지주스로 가득 채운다.'),(123,'미도리 사워','Shake','C:\\cocktail\\pic\\liquere\\Midori Sour.jpg','낮음',35,'60ml',99,'30ml',73,'60ml',NULL,NULL,NULL,NULL,NULL,NULL,NULL,NULL,NULL,NULL,NULL,NULL,NULL,NULL,16,'오렌지 웨지','1.잔과 쉐이커에 얼음을 넣는다.\\n2.모든 재료를 쉐이커에 넣고 쉐이킹한다.\\n3.잔의 얼음을 버리고, 쉐이커의 음료를 걸러서 잔에 따라준다.\\n4.오렌지 웨지로 장식해준다.'),(124,'오르가즘','Shake','C:\\cocktail\\pic\\liquere\\Orgasm.jpg','높음',42,'45ml',43,'30ml',50,'45ml',NULL,NULL,NULL,NULL,NULL,NULL,NULL,NULL,NULL,NULL,NULL,NULL,NULL,NULL,16,'없음','1.잔과 쉐이커에 얼음을 넣는다.\\n2.모든 재료를 쉐이커에 넣고 쉐이킹한다.\\n3.잔의 얼음을 버리고, 쉐이커의 음료를 걸러서 잔에 따라준다.'),(125,'알라바마 슬래머','Shake','C:\\cocktail\\pic\\gin\\Alabama Slammer.png','중간',21,'30ml',42,'30ml',51,'30ml',74,'90ml',NULL,NULL,NULL,NULL,NULL,NULL,NULL,NULL,NULL,NULL,NULL,NULL,17,'체리','1.잔과 쉐이커에 얼음을 넣는다.\\n2.모든 재료를 쉐이커에 넣고 쉐이킹한다.\\n3. 쉐이커의 음료를 걸러서 잔에 따라준다.\\n4.체리로 장식해준다.'),(126,'아메리칸 뷰티','Shake','C:\\cocktail\\pic\\gin\\American Beauty.png','중간',21,'90ml',73,'45ml',99,'30ml',91,'3조각',93,'3조각',127,'6조각',NULL,NULL,NULL,NULL,NULL,NULL,NULL,NULL,1,'레몬껍질','1.쉐이커에 진과 심플시럽을 제외한 모든 재료를 넣은 뒤 얼음과 같이 으깨준다.\\n2.쉐이커에 진과 심플시럽을 넣고 잘 흔들어준다.\\n3.잔에 쉐이커의 음료를 걸러서 따라주고, 레몬껍질로 마무리해준다.'),(127,'안젤로 아주로','Shake','C:\\cocktail\\pic\\gin\\Angelo Azzurro.png','높음',21,'90ml',38,'45ml',32,'15ml',NULL,NULL,NULL,NULL,NULL,NULL,NULL,NULL,NULL,NULL,NULL,NULL,NULL,NULL,16,'없음','1.잔과 쉐이커에 얼음을 넣는다.\\n2.모든 재료를 쉐이커에 넣고 쉐이킹한다.\\n3.잔의 얼음을 버리고, 쉐이커의 음료를 걸러서 잔에 따라준다.'),(128,'블루 애로우','Shake','C:\\cocktail\\pic\\gin\\Blue Arrow.png','높음',21,'60ml',38,'30ml',32,'30ml',72,'30ml',NULL,NULL,NULL,NULL,NULL,NULL,NULL,NULL,NULL,NULL,NULL,NULL,16,'체리','1.잔과 쉐이커에 얼음을 넣는다.\\n2.모든 재료를 쉐이커에 넣고 쉐이킹한다.\\n3.잔의 얼음을 버리고, 쉐이커의 음료를 걸러서 잔에 따라준다.\\n4.체리로 장식해준다.'),(129,'브롱크스','Shake','C:\\cocktail\\pic\\gin\\Bronx.jpg','높음',21,'45ml',61,'15ml',60,'22.5ml',74,'22.5ml',NULL,NULL,NULL,NULL,NULL,NULL,NULL,NULL,NULL,NULL,NULL,NULL,16,'없음','1.잔과 쉐이커에 얼음을 넣는다.\\n2.모든 재료를 쉐이커에 넣고 쉐이킹한다.\\n3.잔의 얼음을 버리고, 쉐이커의 음료를 걸러서 잔에 따라준다.'),(130,'콜린스','Stir','C:\\cocktail\\pic\\gin\\Collins.jpg','낮음',21,'67.5ml',99,'22.5ml',73,'45ml',65,'90ml',121,'1dash',NULL,NULL,NULL,NULL,NULL,NULL,NULL,NULL,NULL,NULL,17,'체리,라임웨지','1.잔에 얼음을 넣는다.\\n2.탄산수와 앙고스투라 비터를 제외한 모든 재료를 잔에 따라준뒤 잘 저어준다.\\n3.탄산수로 가득 채워주고, 앙고스투라 비터를 뿌려준다.\\n4.체리와 라임웨지로 장식해준다.'),(131,'갓파더','Stir','C:\\cocktail\\pic\\whisky\\God Father.jpg','높음',19,'52.5ml',42,'52.5ml',NULL,NULL,NULL,NULL,NULL,NULL,NULL,NULL,NULL,NULL,NULL,NULL,NULL,NULL,NULL,NULL,2,'없음','1.잔에 얼음을 가득 채운다.\\n2.모든 재료를 넣고 잘 저어준다.'),(132,'필루르','Build','C:\\cocktail\\pic\\gin\\Filur.png','중간',21,'45ml',74,'75ml',105,'22.5ml',NULL,NULL,NULL,NULL,NULL,NULL,NULL,NULL,NULL,NULL,NULL,NULL,NULL,NULL,17,'없음','1.잔에 얼음을 넣고 진과 오렌지 주스를 따른다.\\n2.그레나딘을 벽을 따라 따라준다.'),(133,'프렌치 김렛','Shake','C:\\cocktail\\pic\\gin\\French Gimlet.jpg','높음',21,'45ml',149,'22.5ml',72,'15ml',NULL,NULL,NULL,NULL,NULL,NULL,NULL,NULL,NULL,NULL,NULL,NULL,NULL,NULL,16,'라임조각','1.잔과 쉐이커에 얼음을 넣는다.\\n2.모든 재료를 쉐이커에 넣고 쉐이킹한다.\\n3.잔의 얼음을 버리고, 쉐이커의 음료를 걸러서 잔에 따라준다.\\n4.라임 조각으로 장식해준다.'),(134,'진 데이지','Shake','C:\\cocktail\\pic\\gin\\Gin Daisy.png','낮음',21,'60ml',105,'15ml',73,'30ml',65,'30ml',NULL,NULL,NULL,NULL,NULL,NULL,NULL,NULL,NULL,NULL,NULL,NULL,2,'오렌지 조각','1.잔과 쉐이커에 얼음을 넣는다.\\n2.탄산수를 제외한 모든 재료를 쉐이커에 넣고 쉐이킹한다.\\n3. 쉐이커의 음료를 걸러서 잔에 따라준뒤 탄산수를 부어준다.\\n4.오렌지 조각으로 장식해준다.'),(135,'진 피즈','Shake','C:\\cocktail\\pic\\gin\\Gin Fizz.jpg','낮음',21,'67.5ml',99,'1dash',73,'45ml',65,'120ml',NULL,NULL,NULL,NULL,NULL,NULL,NULL,NULL,NULL,NULL,NULL,NULL,17,'레몬 조각','1.잔과 쉐이커에 얼음을 넣는다.\\n2.탄산수를 제외한 모든 재료를 쉐이커에 넣고 쉐이킹한다.\\n3. 쉐이커의 음료를 걸러서 잔에 따라준뒤 탄산수를 부어준다.\\n4.레몬 조각으로 장식해준다.'),(136,'진 리키','Stir','C:\\cocktail\\pic\\gin\\Gin Rickey.jpg','낮음',21,'60ml',72,'30ml',65,'120ml',NULL,NULL,NULL,NULL,NULL,NULL,NULL,NULL,NULL,NULL,NULL,NULL,NULL,NULL,17,'라임 조각','1.잔에 얼음을 가득 채운다.\\n2.탄산수를 제외한 모든 재료를 잔에 넣고 잘 저어준다.\\n3.탄산수로 잔을 채워주고 라임 조각으로 장식해준다.'),(137,'진 토닉','Stir','C:\\cocktail\\pic\\gin\\Gin Tonic.png','낮음',21,'60ml',69,'120ml',NULL,NULL,NULL,NULL,NULL,NULL,NULL,NULL,NULL,NULL,NULL,NULL,NULL,NULL,NULL,NULL,17,'레몬 조각','1.잔에 얼음을 가득 채운다.\\n2.진을 잔에 넣고 토닉워터로 채워준 뒤 잘 저어준다.\\n3.레몬 조각으로 장식해준다.'),(138,'지나','Shake','C:\\cocktail\\pic\\gin\\Gina.png','중간',21,'60ml',40,'30ml',73,'15ml',65,'60ml',NULL,NULL,NULL,NULL,NULL,NULL,NULL,NULL,NULL,NULL,NULL,NULL,17,'없음','1.잔과 쉐이커에 얼음을 넣는다.\\n2.탄산수를 제외한 모든 재료를 쉐이커에 넣고 쉐이킹한다.\\n3. 쉐이커의 음료를 걸러서 잔에 따라준뒤 탄산수를 부어준다.'),(139,'오렌지블라섬','Shake','C:\\cocktail\\pic\\gin\\Orange-Blossom.png','중간',21,'60ml',99,'15ml',74,'60ml',NULL,NULL,NULL,NULL,NULL,NULL,NULL,NULL,NULL,NULL,NULL,NULL,NULL,NULL,8,'오렌지 조각','1.잔과 쉐이커에 얼음을 넣는다.\\n2.탄산수를 제외한 모든 재료를 쉐이커에 넣고 쉐이킹한다.\\n3. 쉐이커의 음료를 걸러서 잔에 따라준 뒤 오렌지 조각으로 장식한다.'),(140,'핑크진','Shake','C:\\cocktail\\pic\\gin\\Pink Gin.jpeg','높음',21,'60ml',121,'1dash',NULL,NULL,NULL,NULL,NULL,NULL,NULL,NULL,NULL,NULL,NULL,NULL,NULL,NULL,NULL,NULL,16,'없음','1.잔과 쉐이커에 얼음을 넣는다.\\n2.모든 재료를 쉐이커에 넣고 쉐이킹한다.\\n3.잔의 얼음을 버리고, 쉐이커의 음료를 걸러서 잔에 따라준다.'),(141,'핑크레이디','Shake','C:\\cocktail\\pic\\gin\\Pink Lady.jpg','높음',21,'60ml',10,'30ml',73,'15ml',105,'2dashes',137,'1개',NULL,NULL,NULL,NULL,NULL,NULL,NULL,NULL,NULL,NULL,16,'체리','1.잔과 쉐이커에 얼음을 넣는다.\\n2.모든 재료를 쉐이커에 넣고 쉐이킹한다.\\n3.잔의 얼음을 버리고, 쉐이커의 음료를 걸러서 잔에 따라준다.\\n4.체리로 장식해준다.'),(142,'실버피즈','Shake','C:\\cocktail\\pic\\gin\\Silver Fizz.jpg','낮음',21,'60ml',99,'1dash',73,'30ml',65,'120ml',137,'1개',NULL,NULL,NULL,NULL,NULL,NULL,NULL,NULL,NULL,NULL,17,'레몬 웨지','1.잔과 쉐이커에 얼음을 넣는다.\\n2.탄산수를 제외한 모든 재료를 쉐이커에 넣고 쉐이킹한다.\\n3. 쉐이커의 음료를 걸러서 잔에 따라준뒤 탄산수를 부어준다.\\n4.레몬 웨지로 장식해준다.'),(143,'진 사워','Shake','C:\\cocktail\\pic\\gin\\The Gin Sour.jpg','높음',21,'90ml',73,'30ml',99,'30ml',NULL,NULL,NULL,NULL,NULL,NULL,NULL,NULL,NULL,NULL,NULL,NULL,NULL,NULL,16,'레몬 웨지','1.잔과 쉐이커에 얼음을 넣는다.\\n2.모든 재료를 쉐이커에 넣고 쉐이킹한다.\\n3.잔의 얼음을 버리고, 쉐이커의 음료를 걸러서 잔에 따라준다.\\n4.레몬 웨지로 장식해준다.'),(144,'AMF','Shake','C:\\cocktail\\pic\\vodka\\Amf.jpg','중간',5,'15ml',1,'15ml',7,'15ml',21,'15ml',32,'15ml',67,'60ml',133,'60ml',NULL,NULL,NULL,NULL,NULL,NULL,17,'레몬 조각','1.잔과 쉐이커에 얼음을 넣는다.\\n2.사이다를 제외한 모든 재료를 쉐이커에 넣고 쉐이킹한다.\\n3. 쉐이커의 음료를 걸러서 잔에 따라준뒤 사이다를 부어준다.\\n4.레몬 조각으로 장식해준다.'),(145,'베이 브리즈','Stir','C:\\cocktail\\pic\\vodka\\Bay Breeze.jpg','낮음',5,'45ml',77,'60ml',80,'60ml',NULL,NULL,NULL,NULL,NULL,NULL,NULL,NULL,NULL,NULL,NULL,NULL,NULL,NULL,17,'체리,오렌지웨지','1.잔에 얼음을 가득 채운다.\\n2.모든 재료를 넣고 잘 저어준다.\\n3.체리와 오렌지 웨지로 장식한다.'),(146,'비키니 마티니','Shake','C:\\cocktail\\pic\\vodka\\Bikini Martini.png','중간',132,'30ml',5,'30ml',80,'30ml',105,'1dash',NULL,NULL,NULL,NULL,NULL,NULL,NULL,NULL,NULL,NULL,NULL,NULL,16,'없음','1.잔과 쉐이커에 얼음을 넣는다.\\n2.그레나딘을 제외한 모든 재료를 쉐이커에 넣고 쉐이킹한다.\\n3.잔의 얼음을 버리고, 쉐이커의 음료를 걸러서 잔에 따라준다.\\n4.마지막으로 그레나딘을 뿌려준다.'),(147,'블러드 오렌지','Build','C:\\cocktail\\pic\\vodka\\Blood Orange.jpg','높음',5,'90ml',119,'45ml',74,'30ml',NULL,NULL,NULL,NULL,NULL,NULL,NULL,NULL,NULL,NULL,NULL,NULL,NULL,NULL,17,'오렌지 웨지','1.잔에 얼음을 가득 채운다.\\n2.모든 재료를 넣고 잘 저어준다.\\n3.오렌지 웨지로 장식한다.'),(148,'블루 라군','Stir','C:\\cocktail\\pic\\vodka\\Blue Lagoon.png','중간',5,'60ml',32,'30ml',73,'15ml',70,'90ml',NULL,NULL,NULL,NULL,NULL,NULL,NULL,NULL,NULL,NULL,NULL,NULL,17,'체리, 오렌지 웨지','1.잔에 얼음을 가득 채운다.\\n2.모든 재료를 넣고 잘 저어준다.\\n3.체리와 오렌지 웨지로 장식한다.'),(149,'블루베리 마티니','Shake','C:\\cocktail\\pic\\vodka\\Blueberry Martini.jpg','높음',5,'120ml',156,'30ml',70,'30ml',99,'1dash',NULL,NULL,NULL,NULL,NULL,NULL,NULL,NULL,NULL,NULL,NULL,NULL,16,'블루베리','1.잔과 쉐이커에 얼음을 넣는다.\\n2.모든 재료를 쉐이커에 넣고 쉐이킹한다.\\n3.잔의 얼음을 버리고, 쉐이커의 음료를 걸러서 잔에 따라준다.\\n4.블루베리로 장식해준다.'),(150,'케이프 코더','Build','C:\\cocktail\\pic\\vodka\\Cape Codder.jpg','낮음',5,'60ml',77,'120ml',NULL,NULL,NULL,NULL,NULL,NULL,NULL,NULL,NULL,NULL,NULL,NULL,NULL,NULL,NULL,NULL,2,'라임웨지','1.잔에 얼음을 가득 채운다.\\n2.모든 재료를 넣고 잘 저어준다.\\n3.라임 웨지로 장식한다.'),(151,'크랜베리 킥','Stir','C:\\cocktail\\pic\\vodka\\Cranberry Kick.jpg','낮음',5,'30ml',72,'1dash',77,'120ml',NULL,NULL,NULL,NULL,NULL,NULL,NULL,NULL,NULL,NULL,NULL,NULL,NULL,NULL,17,'레몬웨지','1.잔에 얼음을 가득 채운다.\\n2.모든 재료를 넣고 잘 저어준다.\\n3.레몬 웨지로 장식한다.'),(152,'더티 마티니','Stir','C:\\cocktail\\pic\\vodka\\Dirty Martini.jpg','높음',5,'90ml',61,'15ml',79,'15ml',NULL,NULL,NULL,NULL,NULL,NULL,NULL,NULL,NULL,NULL,NULL,NULL,NULL,NULL,16,'올리브','1.잔과 믹싱글라스에 얼음을 채운다.\\n2.모든 재료를 믹싱글라스에 넣는다.\\n3.잘 저은뒤 잔의 얼음을 버리고 믹싱글라스의 음료를 걸러서 따라준다.\\n4.올리브로 장식해준다.'),(153,'갓마더','Stir','C:\\cocktail\\pic\\vodka\\God Mother.jpg','높음',5,'30ml',42,'30ml',NULL,NULL,NULL,NULL,NULL,NULL,NULL,NULL,NULL,NULL,NULL,NULL,NULL,NULL,NULL,NULL,2,'없음','1.잔에 얼음을 가득 채운다.\\n2.모든 재료를 넣고 잘 저어준다.'),(154,'그린티니','Shake','C:\\cocktail\\pic\\vodka\\Greentini.png','높음',5,'120ml',35,'60ml',NULL,NULL,NULL,NULL,NULL,NULL,NULL,NULL,NULL,NULL,NULL,NULL,NULL,NULL,NULL,NULL,16,'라임 웨지','1.잔과 쉐이커에 얼음을 넣는다.\\n2.모든 재료를 쉐이커에 넣고 쉐이킹한다.\\n3.잔의 얼음을 버리고, 쉐이커의 음료를 걸러서 잔에 따라준다.\\n4.라임 웨지로 장식해준다.'),(155,'그레이 하운드','Stir','C:\\cocktail\\pic\\vodka\\Greyhound.png','중간',5,'60ml',76,'120ml',NULL,NULL,NULL,NULL,NULL,NULL,NULL,NULL,NULL,NULL,NULL,NULL,NULL,NULL,NULL,NULL,22,'없음','1.잔에 얼음을 가득 채운다.\\n2.모든 재료를 넣고 잘 저어준다.'),(156,'카미카제','Shake','C:\\cocktail\\pic\\vodka\\Kamikaze.png','높음',5,'22.5ml',38,'22.5ml',72,'22.5ml',NULL,NULL,NULL,NULL,NULL,NULL,NULL,NULL,NULL,NULL,NULL,NULL,NULL,NULL,25,'없음','1.쉐이커에 얼음을 넣는다.\\n2.모든 재료를 쉐이커에 넣고 쉐이킹한다.\\n3.쉐이커의 음료를 걸러서 잔에 따라준다.'),(157,'오렌지 스플래쉬','Shake','C:\\cocktail\\pic\\vodka\\Orange Splash.jpg','높음',6,'90ml',38,'45ml',72,'120ml',74,'120ml',NULL,NULL,NULL,NULL,NULL,NULL,NULL,NULL,NULL,NULL,NULL,NULL,17,'오렌지 조각','1.잔과 쉐이커에 얼음을 넣는다.\\n2.모든 재료를 쉐이커에 넣고 쉐이킹한다.\\n3.쉐이커의 음료를 걸러서 잔에 따라준다.\\n4.오렌지 조각으로 장식해준다.'),(158,'레드 루스터','Shake','C:\\cocktail\\pic\\vodka\\Red Rooster.jpg','낮음',5,'45ml',74,'60ml',77,'90ml',NULL,NULL,NULL,NULL,NULL,NULL,NULL,NULL,NULL,NULL,NULL,NULL,NULL,NULL,16,'없음','1.잔과 쉐이커에 얼음을 넣는다.\\n2.모든 재료를 쉐이커에 넣고 쉐이킹한다.\\n3.잔의 얼음을 버리고, 쉐이커의 음료를 걸러서 잔에 따라준다.'),(159,'레드 러시안','Stir','C:\\cocktail\\pic\\vodka\\Red Russian.jpg','높음',5,'60ml',33,'30ml',NULL,NULL,NULL,NULL,NULL,NULL,NULL,NULL,NULL,NULL,NULL,NULL,NULL,NULL,NULL,NULL,2,'없음','1.잔에 얼음을 가득 채운다.\\n2.모든 재료를 넣고 잘 저어준다.'),(160,'스크류 드라이버','Stir','C:\\cocktail\\pic\\vodka\\Screwdriver.jpg','낮음',5,'75ml',74,'150ml',NULL,NULL,NULL,NULL,NULL,NULL,NULL,NULL,NULL,NULL,NULL,NULL,NULL,NULL,NULL,NULL,17,'오렌지 웨지','1.잔에 얼음을 가득 채운다.\\n2.모든 재료를 넣고 잘 저어준다.\\n3.오렌지 웨지로 장식한다.'),(161,'스트로베리 마티니','Blend','C:\\cocktail\\pic\\vodka\\Strawberry Martini.png','중간',5,'60ml',105,'15ml',72,'15ml',92,'3조각',NULL,NULL,NULL,NULL,NULL,NULL,NULL,NULL,NULL,NULL,NULL,NULL,16,'딸기','1.믹서기에 얼음과 모든 재료를 넣고 갈아준다.\\n2.잔에 음료를 걸러준다.\\n3.딸기로 장식한다.'),(162,'스위밍풀','Shake','C:\\cocktail\\pic\\vodka\\Swimming Pool.jpg','낮음',5,'60ml',32,'30ml',132,'15ml',114,'30ml',75,'135ml',NULL,NULL,NULL,NULL,NULL,NULL,NULL,NULL,NULL,NULL,23,'체리','1.잔과 쉐이커에 얼음을 넣는다.\\n2.모든 재료를 쉐이커에 넣고 쉐이킹한다.\\n3.쉐이커의 음료를 걸러서 잔에 따라준다.\\n4.체리로 장식해준다.'),(163,'화이트 러시안','Shake','C:\\cocktail\\pic\\vodka\\White Russian.jpg','중간',5,'75ml',43,'30ml',113,'45ml',NULL,NULL,NULL,NULL,NULL,NULL,NULL,NULL,NULL,NULL,NULL,NULL,NULL,NULL,2,'없음','1.잔과 쉐이커에 얼음을 넣는다.\\n2.우유를 제외한 모든 재료를 쉐이커에 넣고 쉐이킹한다.\\n3.쉐이커의 음료를 걸러서 잔에 따라준다.\\n4.우유를 천천히 부어준다.'),(164,'우우','Stir','C:\\cocktail\\pic\\vodka\\Woo Woo.png','낮음',5,'30ml',37,'15ml',77,'120ml',NULL,NULL,NULL,NULL,NULL,NULL,NULL,NULL,NULL,NULL,NULL,NULL,NULL,NULL,17,'오렌지 조각','1.잔에 얼음을 가득 채운다.\\n2.모든 재료를 넣고 잘 저어준다.\\n3.오렌지 조각으로 장식한다.'),(165,'페인킬러','Shake','C:\\cocktail\\pic\\rum\\Painkiller.jpg','낮음',1,'90ml',80,'180ml',128,'45ml',74,'45ml',NULL,NULL,NULL,NULL,NULL,NULL,NULL,NULL,NULL,NULL,NULL,NULL,23,'넛맥가루','1.잔과 쉐이커에 얼음을 넣는다.\\n2.모든 재료를 쉐이커에 넣고 쉐이킹한다.\\n3.쉐이커의 음료를 걸러서 잔에 따라준다.\\n4.넛맥가루로 마무리한다.'),(166,'핑크럼','Stir','C:\\cocktail\\pic\\rum\\Pink Rum.png','중간',1,'60ml',121,'1dash',77,'60ml',65,'30ml',NULL,NULL,NULL,NULL,NULL,NULL,NULL,NULL,NULL,NULL,NULL,NULL,17,'레몬껍질','1.잔에 얼음을 가득 채운다.\\n2.탄산수를 제외한 모든 재료를 넣고 잘 저어준다.\\n3.탄산수로 잔을 가득 채우고, 레몬껍질로 장식한다.'),(167,'아카풀코','Shake','C:\\cocktail\\pic\\rum\\Acapulco.jpg','중간',1,'30ml',7,'30ml',132,'15ml',80,'60ml',76,'30ml',NULL,NULL,NULL,NULL,NULL,NULL,NULL,NULL,NULL,NULL,23,'체리,파인애플웨지','1.잔과 쉐이커에 얼음을 넣는다.\\n2.모든 재료를 쉐이커에 넣고 쉐이킹한다.\\n3.쉐이커의 음료를 걸러서 잔에 따라준다.\\n4.체리와 파인애플웨지로 장식한다.'),(168,'바하마 마마','Shake','C:\\cocktail\\pic\\rum\\Bahama Mama.png','낮음',1,'15ml',3,'15ml',132,'7.5ml',2,'15ml',80,'90ml',74,'90ml',105,'15ml',121,'1dash',NULL,NULL,NULL,NULL,23,'체리,오렌지조각','1.잔과 쉐이커에 얼음을 넣는다.\\n2.모든 재료를 쉐이커에 넣고 쉐이킹한다.\\n3.쉐이커의 음료를 걸러서 잔에 따라준다.\\n4.체리와 오렌지조각로 장식한다.'),(169,'코코넛 블루 하와이안','Blend','C:\\cocktail\\pic\\rum\\Coconut Blue Hawaiian.png','중간',1,'60ml',80,'30ml',32,'15ml',128,'30ml',NULL,NULL,NULL,NULL,NULL,NULL,NULL,NULL,NULL,NULL,NULL,NULL,16,'체리','1.얼음과 모든 재료를 믹서기에 넣고 갈아준다.\\n2.잔에 믹서기의 음료를 따라준다.\\n3.체리로 장식한다.'),(170,'엘 프레지던트','Shake','C:\\cocktail\\pic\\rum\\El Presidente.jpg','높음',1,'67.5ml',36,'22.5ml',61,'30ml',105,'1dash',NULL,NULL,NULL,NULL,NULL,NULL,NULL,NULL,NULL,NULL,NULL,NULL,16,'오렌지필','1.잔과 쉐이커에 얼음을 넣는다.\\n2.모든 재료를 쉐이커에 넣고 쉐이킹한다.\\n3.잔의 얼음을 버리고 쉐이커의 음료를 걸러서 잔에 따라준다.\\n4.오렌지필로 장식한다.'),(171,'브래스 몽키','Stir','C:\\cocktail\\pic\\rum\\Brass Monkey.jpg','중간',1,'45ml',5,'45ml',74,'90ml',NULL,NULL,NULL,NULL,NULL,NULL,NULL,NULL,NULL,NULL,NULL,NULL,NULL,NULL,17,'체리','1.잔에 얼음을 가득 채운다.\\n2.모든 재료를 넣고 잘 저어준다.\\n3.체리로 장식한다.'),(172,'하바나 비치','Shake','C:\\cocktail\\pic\\rum\\Havana Beach.jpg','낮음',1,'30ml',99,'1tsp',72,'30ml',80,'60ml',68,'60ml',NULL,NULL,NULL,NULL,NULL,NULL,NULL,NULL,NULL,NULL,2,'오렌지웨지','1.잔과 쉐이커에 얼음을 넣는다.\\n2.진저에일을 제외한 모든 재료를 쉐이커에 넣고 쉐이킹한다.\\n3.잔의 얼음을 버리고 쉐이커의 음료를 걸러서 잔에 따라준다.\\n4.진저에일로 잔을 채우고 오렌지웨지로 장식한다.'),(173,'허리케인','Shake','C:\\cocktail\\pic\\rum\\Hurricane.png','높음',1,'45ml',4,'45ml',3,'45ml',73,'30ml',105,'1dash',99,'15ml',74,'90ml',NULL,NULL,NULL,NULL,NULL,NULL,23,'오렌지웨지','1.잔과 쉐이커에 얼음을 넣는다.\\n2.모든 재료를 쉐이커에 넣고 쉐이킹한다.\\n3.쉐이커의 음료를 걸러서 잔에 따라준다.\\n4.오렌지웨지로 장식한다.'),(174,'라 루이지애나','Shake','C:\\cocktail\\pic\\whisky\\La Louisiane.jpg','높음',158,'30ml',45,'30ml',60,'30ml',25,'1dash',121,'1dash',NULL,NULL,NULL,NULL,NULL,NULL,NULL,NULL,NULL,NULL,16,'체리','1.잔과 쉐이커에 얼음을 넣는다.\\n2.모든 재료를 쉐이커에 넣고 쉐이킹한다.\\n3.쉐이커의 음료를 걸러서 잔에 따라준다.\\n4.체리로 장식한다.'),(175,'모닝 글로리','Stir','C:\\cocktail\\pic\\whisky\\Morning Glory.jpg','중간',38,'15ml',33,'15ml',121,'1dash',58,'120ml',NULL,NULL,NULL,NULL,NULL,NULL,NULL,NULL,NULL,NULL,NULL,NULL,17,'없음','1.잔에 얼음을 가득 채운다.\\n2.모든 재료를 넣고 잘 저어준다.'),(176,'뉴 요커','Shake','C:\\cocktail\\pic\\whisky\\New Yorker.jpg','중간',16,'90ml',99,'15ml',105,'1tsp',72,'30ml',NULL,NULL,NULL,NULL,NULL,NULL,NULL,NULL,NULL,NULL,NULL,NULL,2,'없음','1.잔과 쉐이커에 얼음을 넣는다.\\n2.모든 재료를 쉐이커에 넣고 쉐이킹한다.\\n3.쉐이커의 음료를 걸러서 잔에 따라준다.'),(177,'레드 스내퍼','Shake','C:\\cocktail\\pic\\whisky\\Red Snapper.png','중간',158,'30ml',42,'30ml',77,'60ml',16,'30ml',NULL,NULL,NULL,NULL,NULL,NULL,NULL,NULL,NULL,NULL,NULL,NULL,18,'없음','1.잔과 쉐이커에 얼음을 넣는다.\\n2.모든 재료를 쉐이커에 넣고 쉐이킹한다.\\n3.쉐이커의 음료를 걸러서 잔에 따라준다.'),(178,'롭 로이','Shake','C:\\cocktail\\pic\\whisky\\The Classic Rob Roy.jpg','높음',19,'67.5ml',60,'37.5ml',121,'1dash',NULL,NULL,NULL,NULL,NULL,NULL,NULL,NULL,NULL,NULL,NULL,NULL,NULL,NULL,16,'체리','1.잔과 쉐이커에 얼음을 넣는다.\\n2.모든 재료를 쉐이커에 넣고 쉐이킹한다.\\n3.잔의 얼음을 버리고, 쉐이커의 음료를 걸러서 잔에 따라준다.\\n4.체리로 장식한다.'),(179,'노이스터','Shake','C:\\cocktail\\pic\\whisky\\The Nor\'easter.jpg','낮음',18,'90ml',72,'22.5ml',112,'22.5ml',68,'180ml',NULL,NULL,NULL,NULL,NULL,NULL,NULL,NULL,NULL,NULL,NULL,NULL,2,'없음','1.잔과 쉐이커에 얼음을 넣는다.\\n2.진저에일을 제외한 모든 재료를 쉐이커에 넣고 쉐이킹한다.\\n3.쉐이커의 음료를 걸러서 잔에 따라준다.\\n4.진저에일로 잔을 채워준다.'),(180,'와드 에이트','Shake','C:\\cocktail\\pic\\whisky\\Ward Eight.jpg','중간',16,'90ml',73,'30ml',74,'30ml',105,'1tsp',65,'30ml',NULL,NULL,NULL,NULL,NULL,NULL,NULL,NULL,NULL,NULL,16,'없음','1.잔과 쉐이커에 얼음을 넣는다.\\n2.탄산수를 제외한 모든 재료를 쉐이커에 넣고 쉐이킹한다.\\n3.쉐이커의 음료를 걸러서 잔에 따라준다.\\n4.탄산수로 잔을 채워준다.'),(181,'에그녹','Shake','C:\\cocktail\\pic\\whisky\\Egg-nog.png','높음',18,'90ml',113,'60ml',110,'1꼬집',124,'1/2꼬집',129,'1tsp',137,'1개',NULL,NULL,NULL,NULL,NULL,NULL,NULL,NULL,16,'시나몬 스틱','1.잔과 쉐이커에 얼음을 넣는다.\\n2.모든 재료를 쉐이커에 넣고 쉐이킹한다.\\n3.잔의 얼음을 버리고, 쉐이커의 음료를 걸러서 잔에 따라준다.\\n4.시나몬 스틱으로 장식한다.'),(182,'모두의 아이리쉬','Shake','C:\\cocktail\\pic\\whisky\\Everybodys Irish.jpg','높음',17,'60ml',48,'1tsp',141,'1tsp',NULL,NULL,NULL,NULL,NULL,NULL,NULL,NULL,NULL,NULL,NULL,NULL,NULL,NULL,16,'올리브','1.잔과 쉐이커에 얼음을 넣는다.\\n2.모든 재료를 쉐이커에 넣고 쉐이킹한다.\\n3.잔의 얼음을 버리고, 쉐이커의 음료를 걸러서 잔에 따라준다.\\n4.올리브로 장식한다.');
/*!40000 ALTER TABLE `cocktail_recipe` ENABLE KEYS */;
UNLOCK TABLES;

--
-- Table structure for table `glass`
--

DROP TABLE IF EXISTS `glass`;
/*!40101 SET @saved_cs_client     = @@character_set_client */;
/*!50503 SET character_set_client = utf8mb4 */;
CREATE TABLE `glass` (
  `glass_no` int(11) NOT NULL,
  `glass_name` varchar(45) NOT NULL,
  PRIMARY KEY (`glass_no`)
) ENGINE=InnoDB DEFAULT CHARSET=utf8mb4;
/*!40101 SET character_set_client = @saved_cs_client */;

--
-- Dumping data for table `glass`
--

LOCK TABLES `glass` WRITE;
/*!40000 ALTER TABLE `glass` DISABLE KEYS */;
INSERT INTO `glass` VALUES (1,'마티니 글라스'),(2,'올드패션드 글라스'),(3,'더블 올드패션드 글라스'),(4,'고블렛 글라스'),(5,'샴페인 글라스'),(6,'뮬컵'),(7,'바스타드 전용컵'),(8,'사워 글라스'),(9,'셰리 글라스'),(10,'온더락 글라스'),(11,'아이리쉬 커피 글라스'),(12,'샴페인 글라스'),(13,'스테인리스 스틸컵'),(14,'스템드 리큐르 글라스'),(15,'와인 글라스'),(16,'칵테일 글라스'),(17,'콜린스 글라스'),(18,'큰 칵테일 글라스'),(19,'텀블러 글라스'),(20,'푸티드 필스너 글라스'),(21,'플루트 글라스'),(22,'하이볼 글라스'),(23,'허리케인 글라스'),(24,'화이트와인 글라스'),(25,'샷 글라스'),(26,'스니프터 글라스');
/*!40000 ALTER TABLE `glass` ENABLE KEYS */;
UNLOCK TABLES;

--
-- Table structure for table `ingredients`
--

DROP TABLE IF EXISTS `ingredients`;
/*!40101 SET @saved_cs_client     = @@character_set_client */;
/*!50503 SET character_set_client = utf8mb4 */;
CREATE TABLE `ingredients` (
  `ig` int(11) NOT NULL,
  `ig_type` varchar(45) NOT NULL,
  `ig_name` varchar(45) NOT NULL,
  `ig_pic` text,
  `spirits_type` varchar(45) DEFAULT NULL,
  PRIMARY KEY (`ig`)
) ENGINE=InnoDB DEFAULT CHARSET=utf8mb4;
/*!40101 SET character_set_client = @saved_cs_client */;

--
-- Dumping data for table `ingredients`
--

LOCK TABLES `ingredients` WRITE;
/*!40000 ALTER TABLE `ingredients` DISABLE KEYS */;
INSERT INTO `ingredients` VALUES (1,'1','화이트럼','C:\\ig_pic\\화이트럼2.jpg','1'),(2,'1','골드럼','C:\\ig_pic\\골드럼1.jpg','1'),(3,'1','다크럼','C:\\ig_pic\\다크럼2.jpg','1'),(4,'1','오버프루프럼','C:\\ig_pic\\오버프루프럼2.jpg','1'),(5,'1','보드카','C:\\ig_pic\\보드카3.png','3'),(6,'1','시트러스 보드카','C:\\ig_pic\\시트러스 보드카.jpg','3'),(7,'1','테킬라','C:\\ig_pic\\테킬라1.jpg','2'),(8,'1','테킬라 레포사도','C:\\ig_pic\\테킬라 레포사도1.jpg','2'),(9,'1','메즈칼','C:\\ig_pic\\메즈칼2.jpg','2'),(10,'1','브랜디','C:\\ig_pic\\브랜디3.jpg','7'),(11,'1','코냑','C:\\ig_pic\\코냑3.jpg','7'),(12,'1','피스코','C:\\ig_pic\\피스코3.jpg','7'),(13,'1','애플 브랜디','C:\\ig_pic\\애플 브랜디2.jpg','7'),(14,'1','애프리콧 브랜디','C:\\ig_pic\\애프리콧 브랜디.png','7'),(15,'1','칼바도스','C:\\ig_pic\\칼바도스.jpg','7'),(16,'1','위스키','C:\\ig_pic\\위스키1.jpg','5'),(17,'1','아이리쉬 위스키','C:\\ig_pic\\아이리쉬 위스키1.jpg','5'),(18,'1','버번 위스키','C:\\ig_pic\\버번 위스키3.jpg','5'),(19,'1','스카치 위스키','C:\\ig_pic\\스카치 위스키3.jpg','5'),(20,'1','라이 위스키','C:\\ig_pic\\라이 위스키1.jpg','5'),(21,'1','진','C:\\ig_pic\\진.jpg','4'),(22,'1','런던 드라이 진','C:\\ig_pic\\런던 드라이 진3.jpg','4'),(23,'1','올드 탐 진','C:\\ig_pic\\올드 탐 진.jpg','4'),(24,'1','슬로 진','C:\\ig_pic\\슬로 진.jpg','4'),(25,'1','압생트','C:\\ig_pic\\압생트3.jpg','7'),(26,'1','카샤샤','C:\\ig_pic\\카샤샤1.jfif','6'),(27,'1','아쿠아비트','C:\\ig_pic\\아쿠아비트1.jpg','7'),(28,'2','캄파리','C:\\ig_pic\\캄파리2.jpg','6'),(29,'2','아페롤','C:\\ig_pic\\아페롤2.jpg','6'),(30,'2','바나나 리큐르','C:\\ig_pic\\바나나 리큐르1.jpg','6'),(31,'2','블랙베리 리큐르','C:\\ig_pic\\블랙베리 리큐르1.jpg','6'),(32,'2','블루 큐라소','C:\\ig_pic\\블루 큐라소1.jpg','6'),(33,'2','체리 리큐르','C:\\ig_pic\\체리 리큐르2.jpg','6'),(34,'2','마라스키노 리큐르','C:\\ig_pic\\마라스키노 리큐르.jpg','6'),(35,'2','미도리','C:\\ig_pic\\미도리.png','6'),(36,'2','오렌지 큐라소','C:\\ig_pic\\오렌지 큐라소2.jpg','6'),(37,'2','피치 스냅스','C:\\ig_pic\\피치 스냅스1.jpg','6'),(38,'2','트리플 섹','C:\\ig_pic\\트리플 섹2.jpg','6'),(39,'2','라즈베리 리큐르','C:\\ig_pic\\라즈베리 리큐르2.jpg','6'),(40,'2','크렘 드 카시스','C:\\ig_pic\\크렘 드 카시스3.jpg','6'),(41,'2','다크 크렘 드 카카오','C:\\ig_pic\\다크 크렘 드 카카오.jpg','6'),(42,'2','아마레또','C:\\ig_pic\\아마레또2.jpg','6'),(43,'2','커피 리큐르','C:\\ig_pic\\커피 리큐르3.png','6'),(44,'2','화이트 크렘 드 카카오','C:\\ig_pic\\화이트 크렘 드 카카오.jpg','6'),(45,'2','베네딕틴 돔','C:\\ig_pic\\베네딕틴 돔1.jpg','6'),(46,'2','갈리아노','C:\\ig_pic\\갈리아노.jpg','6'),(47,'2','화이트 크렘 드 민트','C:\\ig_pic\\화이트 크렘 드 민트.PNG','6'),(48,'2','그린 크렘 드 민트','C:\\ig_pic\\그린 크렘 드 민트.jpg','6'),(49,'2','드람부이','C:\\ig_pic\\드람부이.jpg','6'),(50,'2','베일리스 아이리쉬 크림 리큐르','C:\\ig_pic\\베일리스 아이리쉬 크림 리큐르.jpg','6'),(51,'2','서던 컴포트','C:\\ig_pic\\서던 컴포트1.jpg','6'),(52,'2','아이리쉬 미스트','C:\\ig_pic\\아이리쉬 미스트1.jpg','6'),(53,'3','스타우트 맥주','C:\\ig_pic\\스타우트 맥주1.jpg','7'),(54,'3','에일','C:\\ig_pic\\에일1.jpg','7'),(55,'3','화이트 와인','C:\\ig_pic\\화이트와인.jpg','7'),(56,'3','레드 와인','C:\\ig_pic\\레드 와인5.jpg','7'),(57,'3','프로세코','C:\\ig_pic\\프로세코3.jpg','7'),(58,'3','샴페인','C:\\ig_pic\\샴페인4.png','7'),(59,'3','드라이 샴페인','C:\\ig_pic\\드라이 샴페인2.jpg','7'),(60,'3','스위트 베르무트','C:\\ig_pic\\스위트 베르무트.PNG','7'),(61,'3','드라이 베르무트','C:\\ig_pic\\드라이 베르무트1.jpg','7'),(62,'3','드라이 셰리','C:\\ig_pic\\드라이 셰리6.jpg','7'),(63,'3','포트와인','C:\\ig_pic\\포트와인.PNG','7'),(64,'3','루비 포트','C:\\ig_pic\\루비 포트1.jpg','7'),(65,'4','탄산수','C:\\ig_pic\\탄산수1.jpg',NULL),(66,'4','콜라','C:\\ig_pic\\콜라2.jpg',NULL),(67,'4','사이다','C:\\ig_pic\\사이다.PNG',NULL),(68,'4','진저에일','C:\\ig_pic\\진저에일3.jpg',NULL),(69,'4','토닉워터','C:\\ig_pic\\토닉워터4.jpg',NULL),(70,'4','물','C:\\ig_pic\\물2.jpg',NULL),(71,'4','커피','C:\\ig_pic\\커피1.jfif',NULL),(72,'4','라임주스','C:\\ig_pic\\라임주스2.jpg',NULL),(73,'4','레몬주스','C:\\ig_pic\\레몬주스2.jpg',NULL),(74,'4','오렌지주스','C:\\ig_pic\\오렌지주스3.jpg',NULL),(75,'4','사과주스','C:\\ig_pic\\사과주스2.jpg',NULL),(76,'4','자몽주스','C:\\ig_pic\\자몽주스2.jpg',NULL),(77,'4','크랜베리주스','C:\\ig_pic\\크랜베리주스2.jpg',NULL),(78,'4','포도주스','C:\\ig_pic\\포도주스5.jpg',NULL),(79,'4','올리브주스','C:\\ig_pic\\Olive Juice.png',NULL),(80,'4','파인애플주스','C:\\ig_pic\\Pineapple Juice.png',NULL),(81,'4','라즈베리주스','C:\\ig_pic\\Raspberry Juice.png',NULL),(82,'4','수박주스','C:\\ig_pic\\Watermelon Juice.png',NULL),(83,'4','토마토주스','C:\\ig_pic\\Tomato Juice.png',NULL),(84,'4','라임','C:\\ig_pic\\Lime.png',NULL),(85,'4','레몬','C:\\ig_pic\\Lemon.png',NULL),(86,'4','오렌지','C:\\ig_pic\\Orange.png',NULL),(87,'4','파인애플','C:\\ig_pic\\Pineapple.png',NULL),(88,'4','사과','C:\\ig_pic\\Apple.png',NULL),(89,'4','복숭아','C:\\ig_pic\\Peach.png',NULL),(90,'4','복숭아퓨레','C:\\ig_pic\\Peach Puree.jpg',NULL),(91,'4','라즈베리','C:\\ig_pic\\Raspberry.png',NULL),(92,'4','딸기','C:\\ig_pic\\Strawberry.png',NULL),(93,'4','블루베리','C:\\ig_pic\\Blueberry.png',NULL),(94,'4','체리','C:\\ig_pic\\Cherry.png',NULL),(95,'4','자몽','C:\\ig_pic\\Grapefruit.png',NULL),(96,'4','블랙베리','C:\\ig_pic\\Blackberry.png',NULL),(97,'4','크랜베리','C:\\ig_pic\\CranBerry.png',NULL),(98,'4','포도','C:\\ig_pic\\Grape.png',NULL),(99,'5','심플시럽','C:\\ig_pic\\Simple Syrup.jpg',NULL),(100,'5','데메라라시럽','C:\\ig_pic\\Demerara Syrup.jpg',NULL),(101,'5','오르쟈시럽','C:\\ig_pic\\Orgeat Syrup.png',NULL),(102,'5','아가베시럽','C:\\ig_pic\\Agave Syrup.png',NULL),(103,'5','꿀시럽','C:\\ig_pic\\Honey Syrup.png',NULL),(104,'5','생강시럽','C:\\ig_pic\\Ginger Syrup.jpg',NULL),(105,'5','그레나딘','C:\\ig_pic\\Grenadine.jpg',NULL),(106,'5','각설탕','C:\\ig_pic\\Sugar Cube.png',NULL),(107,'5','흑설탕','C:\\ig_pic\\Brown Sugar.png',NULL),(108,'5','라즈베리시럽','C:\\ig_pic\\Raspberry Syrup.png',NULL),(109,'5','딸기시럽','C:\\ig_pic\\Strawberry Syrup.png',NULL),(110,'5','설탕','C:\\ig_pic\\Sugar.png',NULL),(111,'5','패션후르츠시럽','C:\\ig_pic\\Passion Fruit Syrup.png',NULL),(112,'5','메이플시럽','C:\\ig_pic\\Maple Syrup.png',NULL),(113,'4','우유','C:\\ig_pic\\Milk.png',NULL),(114,'5','크림','C:\\ig_pic\\Cream.png',NULL),(115,'5','달걀','C:\\ig_pic\\Egg.png',NULL),(116,'5','셀러리','C:\\ig_pic\\Celery.png',NULL),(117,'5','우스타 소스','C:\\ig_pic\\Worcester Sauce.jpg',NULL),(118,'5','타바스코 소스','C:\\ig_pic\\Tabasco Sauce.png',NULL),(119,'5','오렌지 비터','',NULL),(120,'5','페이셔드 비터','C:\\ig_pic\\Peychauds Bitters.jpg',NULL),(121,'5','앙고스투라 비터','C:\\ig_pic\\Angostura Bitters.jpg',NULL),(122,'5','앙고스투라  오렌지 비터','',NULL),(123,'5','피치 비터','',NULL),(124,'5','소금','C:\\ig_pic\\Salt.png',NULL),(125,'5','후추','C:\\ig_pic\\Black Pepper.png',NULL),(126,'5','넛맥','C:\\ig_pic\\Nutmeg.png',NULL),(127,'5','민트잎','C:\\ig_pic\\Mint Leaves.png',NULL),(128,'5','코코넛크림','C:\\ig_pic\\Coconut Cream.jpg',NULL),(129,'5','바닐라 액스트랙트','C:\\ig_pic\\Vanilla Extract.png',NULL),(130,'5','오렌지 플라워 워터','C:\\ig_pic\\Orange Blossom Water.jpg',NULL),(131,'5','슈가파우더','C:\\ig_pic\\Sugar Powder.png',NULL),(132,'2','코코넛 럼','C:\\ig_pic\\Coconut Rum.png','6'),(133,'4','스윗 앤 사워믹스','C:\\ig_pic\\Sweet and Sour Mix.png',NULL),(134,'2','애플퍼커','C:\\ig_pic\\Apple Pucker.jpg','6'),(135,'5','피나콜라다 믹스','C:\\ig_pic\\Pina Colada Mix.jpg',NULL),(136,'3','릴레이 블랑','C:\\ig_pic\\Lillet Blanc.jpg','7'),(137,'5','계란 흰자','C:\\ig_pic\\Egg White.png',NULL),(138,'2','크렘 드 바이올렛','C:\\ig_pic\\Creme de Violet.jpg','6'),(139,'5','아로마 비터','',NULL),(140,'2','페르넷 브랑카','C:\\ig_pic\\Fernet Branca.jpg','6'),(141,'2','그린 샤르트뢰즈','C:\\ig_pic\\Green Chartreuse.jpg','6'),(142,'2','옐로우 샤르트뢰즈','C:\\ig_pic\\Yellow Chartreuse.jpg','6'),(143,'5','꿀','C:\\ig_pic\\Honey.png',NULL),(144,'4','에스프레소','C:\\ig_pic\\Espresso.png',NULL),(145,'3','스파클링 와인','C:\\ig_pic\\Sparkling Wine.png',NULL),(146,'1','블랜디드 스카치 위스키','C:\\ig_pic\\Blended Scotch Whiskey.png','5'),(147,'1','라가불린 16y 위스키','C:\\ig_pic\\Lagavulin 16y Whiskey.jpg','5'),(148,'5','생강 슬라이스','C:\\ig_pic\\Ginger Slice.png',NULL),(149,'2','엘더플라워 리큐르','C:\\ig_pic\\ElderFlower Liquor.jpg','6'),(150,'5','바질','C:\\ig_pic\\Basil.png',NULL),(151,'2','딸기 리큐르','C:\\ig_pic\\Strawberry Liqueur.jpg','6'),(152,'2','블랙라즈베리 리큐르','C:\\ig_pic\\Black Raspberry Liqueur.jpg','6'),(153,'2','리몬첼로','C:\\ig_pic\\Limoncello.jpg','6'),(154,'5','계란 노른자','C:\\ig_pic\\Egg Yolk.png',NULL),(155,'5','휘핑 크림','C:\\ig_pic\\Whipped Cream.png',NULL),(156,'2','블루베리 리큐르','C:\\ig_pic\\Blueberry Liqueur.jpg','6');
/*!40000 ALTER TABLE `ingredients` ENABLE KEYS */;
UNLOCK TABLES;

--
-- Table structure for table `refrigerator`
--

DROP TABLE IF EXISTS `refrigerator`;
/*!40101 SET @saved_cs_client     = @@character_set_client */;
/*!50503 SET character_set_client = utf8mb4 */;
CREATE TABLE `refrigerator` (
  `user_no` int(11) NOT NULL,
  `ig1` int(11) DEFAULT NULL,
  `ig2` int(11) DEFAULT NULL,
  `ig3` int(11) DEFAULT NULL,
  `ig4` int(11) DEFAULT NULL,
  `ig5` int(11) DEFAULT NULL,
  `ig6` int(11) DEFAULT NULL,
  `ig7` int(11) DEFAULT NULL,
  `ig8` int(11) DEFAULT NULL,
  `ig9` int(11) DEFAULT NULL,
  `ig10` int(11) DEFAULT NULL,
  `ig11` int(11) DEFAULT NULL,
  `ig12` int(11) DEFAULT NULL,
  `ig13` int(11) DEFAULT NULL,
  `ig14` int(11) DEFAULT NULL,
  `ig15` int(11) DEFAULT NULL,
  `ig16` int(11) DEFAULT NULL,
  `ig17` int(11) DEFAULT NULL,
  `ig18` int(11) DEFAULT NULL,
  `ig19` int(11) DEFAULT NULL,
  `ig20` int(11) DEFAULT NULL,
  `ig21` int(11) DEFAULT NULL,
  `ig22` int(11) DEFAULT NULL,
  `ig23` int(11) DEFAULT NULL,
  `ig24` int(11) DEFAULT NULL,
  `ig25` int(11) DEFAULT NULL,
  `ig26` int(11) DEFAULT NULL,
  `ig27` int(11) DEFAULT NULL,
  `ig28` int(11) DEFAULT NULL,
  `ig29` int(11) DEFAULT NULL,
  `ig30` int(11) DEFAULT NULL,
  PRIMARY KEY (`user_no`)
) ENGINE=InnoDB DEFAULT CHARSET=utf8mb4;
/*!40101 SET character_set_client = @saved_cs_client */;

--
-- Dumping data for table `refrigerator`
--

LOCK TABLES `refrigerator` WRITE;
/*!40000 ALTER TABLE `refrigerator` DISABLE KEYS */;
INSERT INTO `refrigerator` VALUES (1,46,74,89,72,69,29,1,38,40,10,8,9,5,114,113,2,76,6,4,149,148,146,144,116,117,99,NULL,NULL,NULL,NULL),(3,1,5,2,3,10,16,28,21,22,40,38,37,36,42,51,60,70,69,99,66,105,73,107,110,115,121,124,132,141,149),(4,1,5,17,8,32,40,47,136,137,140,132,131,133,55,52,66,67,68,69,70,71,72,73,107,106,104,102,101,103,108),(11,NULL,NULL,NULL,NULL,NULL,NULL,NULL,NULL,NULL,NULL,NULL,NULL,NULL,NULL,NULL,NULL,NULL,NULL,NULL,NULL,NULL,NULL,NULL,NULL,NULL,NULL,NULL,NULL,NULL,NULL),(13,NULL,NULL,NULL,NULL,NULL,NULL,NULL,NULL,NULL,NULL,NULL,NULL,NULL,NULL,NULL,NULL,NULL,NULL,NULL,NULL,16,18,19,NULL,21,49,NULL,NULL,NULL,NULL),(14,1,5,3,9,16,21,28,43,60,NULL,NULL,NULL,NULL,NULL,NULL,NULL,NULL,NULL,NULL,NULL,NULL,NULL,NULL,NULL,NULL,NULL,NULL,NULL,NULL,NULL);
/*!40000 ALTER TABLE `refrigerator` ENABLE KEYS */;
UNLOCK TABLES;

--
-- Table structure for table `reply`
--

DROP TABLE IF EXISTS `reply`;
/*!40101 SET @saved_cs_client     = @@character_set_client */;
/*!50503 SET character_set_client = utf8mb4 */;
CREATE TABLE `reply` (
  `reply_no` int(11) NOT NULL,
  `no` int(11) NOT NULL,
  `nreply_no` int(11) DEFAULT NULL,
  `time` varchar(100) NOT NULL,
  `content` mediumtext NOT NULL,
  `user_no` int(11) NOT NULL,
  `user_id` varchar(100) NOT NULL,
  PRIMARY KEY (`reply_no`)
) ENGINE=InnoDB DEFAULT CHARSET=utf8mb4;
/*!40101 SET character_set_client = @saved_cs_client */;

--
-- Dumping data for table `reply`
--

LOCK TABLES `reply` WRITE;
/*!40000 ALTER TABLE `reply` DISABLE KEYS */;
INSERT INTO `reply` VALUES (1,7,0,'2021-11-30 03:29:46','자 그냥',1,'song'),(2,7,0,'2021-11-30 03:31:59','텍스트정보처리 시험공부 하기 // pdf 요약 및 // 코드 공부\n\n#캡스톤 결과보고서 제출 12/5\n\n#텍스트 기말고사 준비 12/8 9시\n\n#빅데캡톤 발표 대본 짜기 및 연습  12/9\n\n#빅데이터 개론 기말고사 프로젝트  12/12 까지 \n\n#머신러닝 기말 프로젝트 발표  12/13\n- 캐글 데이터 수집, 머신러닝 예제 문제 수집\n - 책 대출하러가기\n\n#텍스트정보처리 기말과제 12/20일 9시 시행\n- 리뷰 데이터 추가 수집\n\n안전교육 / 폭력예방교육 듣기  13일 이후\n\nSSAFY 면접준비 ',3,'lse2625'),(3,7,0,'2021-11-30 03:32:10','제 할일 목록입니다',3,'lse2625'),(4,7,0,'2021-11-30 03:37:17','댓글에 \\n 기능이 안먹히는듯',3,'lse2625'),(5,7,0,'2021-11-30 03:51:38','자러 가봅니다 낼 진행상황 기대하겠습니당 ',3,'lse2625'),(6,7,4,'2021-11-30 04:40:06','이거 일부러 안넣음\n',1,'song'),(7,7,4,'2021-11-30 04:40:59','굳이 댓글에는 필요없다고 느껴서',1,'song'),(8,9,0,'2021-12-02 00:27:06','시간초가 소수점 셋째짜리 까지 나오넫 ㄷ',3,'lse2625'),(9,8,0,'2021-12-02 00:47:27','댓글 \n',3,'lse2625'),(10,8,9,'2021-12-02 00:47:35','테스트',3,'lse2625'),(11,8,0,'2021-12-02 00:47:41','입니다',3,'lse2625'),(12,10,0,'2021-12-02 10:54:13','ASDF',1,'song'),(13,9,0,'2021-12-02 10:55:10','./?\\',1,'song'),(14,9,0,'2021-12-02 10:55:18','\\',1,'song');
/*!40000 ALTER TABLE `reply` ENABLE KEYS */;
UNLOCK TABLES;

--
-- Table structure for table `user`
--

DROP TABLE IF EXISTS `user`;
/*!40101 SET @saved_cs_client     = @@character_set_client */;
/*!50503 SET character_set_client = utf8mb4 */;
CREATE TABLE `user` (
  `user_id` varchar(20) NOT NULL,
  `user_no` int(11) NOT NULL,
  `user_pw` varchar(45) NOT NULL,
  `user_nick` varchar(45) NOT NULL,
  `email` varchar(45) NOT NULL,
  PRIMARY KEY (`user_id`)
) ENGINE=InnoDB DEFAULT CHARSET=utf8mb4;
/*!40101 SET character_set_client = @saved_cs_client */;

--
-- Dumping data for table `user`
--

LOCK TABLES `user` WRITE;
/*!40000 ALTER TABLE `user` DISABLE KEYS */;
INSERT INTO `user` VALUES ('1234',15,'1234','sexjunghyeon','sex정현'),('asdf3',7,'1234','asdf','asdf'),('leemh',13,'ab01230123','이무환','leemh8604@naver.com'),('leemh8604',12,'','이무환','leemh8604@naver.com'),('lse2625',3,'lse2625','상은','sang9203@naver.com'),('qawsedrf123',9,'frdeswaq321','박찬웅','igy04073@naver.com'),('sang9203',14,'sang9203','임상은','sang9203@naver.com'),('sexjh',11,'1234','sexjunghyeon','sexking12'),('song',1,'1234','송정현','song6368@naver.com'),('ssss',8,'1234','ssss','ssss'),('ㅁㄴㅇㄹ2',6,'1234','ㅁㄴㅇㄹ','ㅁㄴㅇㄹ'),('ㅇ',4,'1234','ㅇ','ㅇ'),('정혀',10,'1234','sex','sex정현');
/*!40000 ALTER TABLE `user` ENABLE KEYS */;
UNLOCK TABLES;
/*!40103 SET TIME_ZONE=@OLD_TIME_ZONE */;

/*!40101 SET SQL_MODE=@OLD_SQL_MODE */;
/*!40014 SET FOREIGN_KEY_CHECKS=@OLD_FOREIGN_KEY_CHECKS */;
/*!40014 SET UNIQUE_CHECKS=@OLD_UNIQUE_CHECKS */;
/*!40101 SET CHARACTER_SET_CLIENT=@OLD_CHARACTER_SET_CLIENT */;
/*!40101 SET CHARACTER_SET_RESULTS=@OLD_CHARACTER_SET_RESULTS */;
/*!40101 SET COLLATION_CONNECTION=@OLD_COLLATION_CONNECTION */;
/*!40111 SET SQL_NOTES=@OLD_SQL_NOTES */;

-- Dump completed on 2021-12-03 23:25:53
